sequence_id	sequence	rev_comp	productive	v_call	d_call	j_call	sequence_alignment	germline_alignment	junction	junction_aa	v_cigar	d_cigar	j_cigar	repertoire_id	duplicate_count	cdr3_aa	#cluster_no	cluster_size	epitope
				TRBV4-1*00		TRBJ2-5*00								normal.airr.tsv_B	2	ASSQAGQETQY	1	2	Unknown
				TRBV4-1*00		TRBJ2-5*00								normal.airr.tsv_B	1	ASSQAGEETQY	1	2	Unknown
				TRBV7-9*00		TRBJ1-1*00								normal.airr.tsv_B	1	GSSTRQVYTEAF	2	2	Unknown
				TRBV7-9*00		TRBJ1-1*00								normal.airr.tsv_B	1	ASSTRQVYTEAF	2	2	Unknown
				TRBV20-1*00		TRBJ2-3*00								normal.airr.tsv_B	1	SARDGVGRGSTDTQY	3	2	Unknown
				TRBV20-1*00		TRBJ2-3*00								normal.airr.tsv_B	1	SARDGVGRGGTDTQY	3	2	Unknown
				TRBV19*00		TRBJ1-5*00								normal.airr.tsv_B	2	ASSIGLRQPQH	4	2	Unknown
				TRBV19*00		TRBJ1-5*00								normal.airr.tsv_B	1	AISIGLRQPQH	4	2	Unknown
				TRBV7-7*00		TRBJ2-7*00								normal.airr.tsv_B	1	ASSLSPGISYEQY	5	1	EBV
				TRBV7-3*00		TRBJ2-1*00								normal.airr.tsv_B	1	ASSQVAGRYNEQF	6	1	SARS-CoV2
				TRBV29-1*00		TRBJ2-1*00								normal.airr.tsv_B	2	SVQPRQGGLSNEQF	7	1	Unknown
				TRBV11-1*00		TRBJ2-6*00								normal.airr.tsv_B	1	ASSLVSGANVLT	8	1	Multiple Epitopes
				TRBV6-1*00		TRBJ1-1*00								normal.airr.tsv_B	1	ASSYGQGSEAF	9	1	SARS-CoV2
				TRBV5-6*00		TRBJ2-4*00								normal.airr.tsv_B	1	ASSDLRDGKNIQY	10	1	Unknown
				TRBV27*00		TRBJ1-1*00								normal.airr.tsv_B	1	ASSFRPTLMNTEAF	11	1	Unknown
				TRBV29-1*00		TRBJ1-1*00								normal.airr.tsv_B	1	SVRWSGTEAF	12	1	Unknown
				TRBV11-2*00		TRBJ2-1*00								normal.airr.tsv_B	1	ASSLGGLYNEQF	13	1	SARS-CoV2
				TRBV5-5*00		TRBJ2-1*00								normal.airr.tsv_B	1	ASSGKGGRGGNEQF	14	1	Unknown
				TRBV11-1*00		TRBJ1-1*00								normal.airr.tsv_B	1	ASSFDRLNTEAF	15	1	Unknown
				TRBV5-6*00		TRBJ1-1*00								normal.airr.tsv_B	1	ASSLGGLNTEAF	16	1	SARS-CoV2
				TRBV6-5*00		TRBJ2-2*00								normal.airr.tsv_B	1	ASSYSTGELF	17	1	Multiple Epitopes
				TRBV19*00		TRBJ2-1*00								normal.airr.tsv_B	1	ASSLRRTGGNEQF	18	1	Unknown
				TRBV18*00		TRBJ1-1*00								normal.airr.tsv_B	1	ASSPMRQGGGNTEAF	19	1	Unknown
				TRBV30*00		TRBJ1-2*00								normal.airr.tsv_B	2	AWSVGGIGQGYGYT	20	1	Unknown
				TRBV7-2*00		TRBJ2-5*00								normal.airr.tsv_B	1	ASSLGQPGGTQY	21	1	Unknown
				TRBV3-1*00		TRBJ2-3*00								normal.airr.tsv_B	1	ASSQEWQQTRSLSTDTQY	22	1	Unknown
				TRBV18*00		TRBJ1-6*00								normal.airr.tsv_B	1	ASSPETGVRSLH	23	1	Unknown
				TRBV7-9*00		TRBJ1-2*00								normal.airr.tsv_B	1	ASRQMPLGYT	24	1	Unknown
				TRBV18*00		TRBJ1-1*00								normal.airr.tsv_B	1	ASSPSRQINTEAF	25	1	Unknown
				TRBV9*00		TRBJ1-1*00								normal.airr.tsv_B	1	ASKKGDGSTEAF	26	1	Unknown
				TRBV28*00		TRBJ1-2*00								normal.airr.tsv_B	1	ASQTGDYGYT	27	1	SARS-CoV2
				TRBV4-1*00		TRBJ2-7*00								normal.airr.tsv_B	1	ASGQGAERPTYEQY	28	1	Unknown
				TRBV2*00		TRBJ1-2*00								normal.airr.tsv_B	1	ASSETAGVGYT	29	1	Unknown
				TRBV6-5*00		TRBJ2-1*00								normal.airr.tsv_B	1	ASSSVYNEQF	30	1	Unknown
				TRBV12-3*00		TRBJ2-1*00								normal.airr.tsv_B	1	ASGAQGEPYNEQF	31	1	Unknown
				TRBV10-2*00		TRBJ1-2*00								normal.airr.tsv_B	1	ASSEESANPYGYT	32	1	Unknown
				TRBV2*00		TRBJ1-3*00								normal.airr.tsv_B	1	ASSADSYSGNTIY	33	1	SARS-CoV2
				TRBV5-4*00		TRBJ1-6*00								normal.airr.tsv_B	1	ASSSRDRRSPLH	34	1	Unknown
				TRBV5-4*00		TRBJ2-1*00								normal.airr.tsv_B	1	ASSWTFDNEQI	35	1	Unknown
				TRBV11-1*00		TRBJ2-3*00								normal.airr.tsv_B	1	ASSGQGHMGSTDTQY	36	1	Unknown
				TRBV12-3*00		TRBJ1-1*00								normal.airr.tsv_B	1	ASSFGQAVTEEEAF	37	1	Unknown
				TRBV20-1*00		TRBJ1-1*00								normal.airr.tsv_B	1	SAILPGTGDTEAF	38	1	Unknown
				TRBV27*00		TRBJ2-3*00								normal.airr.tsv_B	1	ASSSFQTDTQY	39	1	Unknown
				TRBV29-1*00		TRBJ1-1*00								normal.airr.tsv_B	2	SGRGGGTEAF	40	1	Unknown
				TRBV6-2*00		TRBJ2-7*00								normal.airr.tsv_B	1	ASSYRRAMSEQY	41	1	Unknown
				TRBV4-2*00		TRBJ1-5*00								normal.airr.tsv_B	1	ASSQDLSSNQPQH	42	1	Unknown
				TRBV12-3*00		TRBJ1-1*00								normal.airr.tsv_B	1	ASRRRMNTEAF	43	1	Unknown
				TRBV29-1*00		TRBJ2-7*00								normal.airr.tsv_B	1	SVVPLGTFPYEQY	44	1	Unknown
				TRBV3-1*00		TRBJ2-7*00								normal.airr.tsv_B	1	ASSLLRGGSEQY	45	1	Unknown
				TRBV5-4*00		TRBJ2-1*00								normal.airr.tsv_B	1	ASSLRQGNEQF	46	1	Unknown
				TRBV5-1*00		TRBJ1-2*00								normal.airr.tsv_B	3	ASSWRDRSIYGYT	47	1	Unknown
				TRBV11-1*00		TRBJ2-7*00								normal.airr.tsv_B	1	ASSSSGISSYEQY	48	1	CMV
				TRBV11-2*00		TRBJ2-3*00								normal.airr.tsv_B	1	ASSPKSGGPLSTDTQY	49	1	Unknown
				TRBV6-5*00		TRBJ2-5*00								normal.airr.tsv_B	1	ASNSQGTQY	50	1	Unknown
				TRBV15*00		TRBJ2-5*00								normal.airr.tsv_B	1	ATSREQVRETQY	51	1	Unknown
				TRBV14*00		TRBJ1-4*00								normal.airr.tsv_B	1	ASSQGQGRGEKLF	52	1	Unknown
				TRBV7-9*00		TRBJ2-5*00								normal.airr.tsv_B	1	ASSLRLDREETQY	53	1	Unknown
				TRBV4-1*00		TRBJ2-1*00								normal.airr.tsv_B	1	ASSRIASGEYYNEQF	54	1	Unknown
				TRBV29-1*00		TRBJ1-2*00								normal.airr.tsv_B	1	SVEQGAYGYT	55	1	Unknown
				TRBV20-1*00		TRBJ2-3*00								normal.airr.tsv_B	1	SARNPLSGGGPDTQY	56	1	Unknown
				TRBV20-1*00		TRBJ1-1*00								normal.airr.tsv_B	1	SARPQVEAF	57	1	Unknown
				TRBV29-1*00		TRBJ1-2*00								normal.airr.tsv_B	1	SSLAAYGYT	58	1	Unknown
				TRBV6-2*00		TRBJ2-7*00								normal.airr.tsv_B	1	ASSYFGFGYEQY	59	1	Unknown
				TRBV19*00		TRBJ2-1*00								normal.airr.tsv_B	1	ASSTPGLVPEQF	60	1	Unknown
				TRBV6-4*00		TRBJ1-5*00								normal.airr.tsv_B	1	ASSEGTGGNQPQH	61	1	SARS-CoV2
				TRBV7-8*00		TRBJ2-1*00								normal.airr.tsv_B	1	ASSLEASGRASEQF	62	1	Unknown
				TRBV24-1*00		TRBJ2-1*00								normal.airr.tsv_B	1	ATSDLDSYNEQF	63	1	Unknown
				TRBV11-2*00		TRBJ2-3*00								normal.airr.tsv_B	1	ASSRSVGSTDTQY	64	1	Unknown
				TRBV12-3*00		TRBJ2-7*00								normal.airr.tsv_B	1	ASSSTGDEQY	65	1	Multiple Epitopes
				TRBV3-1*00		TRBJ2-1*00								normal.airr.tsv_B	1	ASGPGHFYNEQF	66	1	Unknown
				TRBV6-2*00		TRBJ1-5*00								normal.airr.tsv_B	1	ASRTTSGTGGAGQPQH	67	1	Unknown
				TRBV28*00		TRBJ2-3*00								normal.airr.tsv_B	1	ASRVSGSGDTQY	68	1	EBV
				TRBV28*00		TRBJ1-2*00								normal.airr.tsv_B	1	ASSFGGPGYT	69	1	Unknown
				TRBV12-3*00		TRBJ1-6*00								normal.airr.tsv_B	1	ASSFGNSPLH	70	1	Unknown
				TRBV18*00		TRBJ2-1*00								normal.airr.tsv_B	1	ASSVTGMMNEQF	71	1	Unknown
				TRBV11-1*00		TRBJ1-3*00								normal.airr.tsv_B	1	ASSSRDRGSGNTIY	72	1	Unknown
				TRBV28*00		TRBJ2-3*00								normal.airr.tsv_B	2	ASGTGEGTDTQY	73	1	Unknown
				TRBV6-5*00		TRBJ2-2*00								normal.airr.tsv_B	2	ASTRDTRNTGELF	74	1	Unknown
				TRBV25-1*00		TRBJ1-2*00								normal.airr.tsv_B	1	ASSEYTSVYGYT	75	1	Unknown
				TRBV6-5*00		TRBJ2-1*00								normal.airr.tsv_B	1	ASGVRGAREQF	76	1	Unknown
				TRBV6-1*00		TRBJ1-1*00								normal.airr.tsv_B	2	ASSDDWDREAF	77	1	Unknown
				TRBV5-1*00		TRBJ2-7*00								normal.airr.tsv_B	1	ASSLVAGAEQY	78	1	Unknown
				TRBV4-2*00		TRBJ1-6*00								normal.airr.tsv_B	1	ASSQTRTGGLSPLH	79	1	Unknown
				TRBV6-5*00		TRBJ2-7*00								normal.airr.tsv_B	1	ASSKGGLSYEQY	80	1	SARS-CoV2
				TRBV7-3*00		TRBJ2-2*00								normal.airr.tsv_B	1	ASSPDGTGELF	81	1	Unknown
				TRBV27*00		TRBJ2-5*00								normal.airr.tsv_B	1	ASSRGETQY	82	1	Multiple Epitopes
				TRBV14*00		TRBJ2-1*00								normal.airr.tsv_B	1	ASSQVSGLYNEQF	83	1	Unknown
				TRBV4-1*00		TRBJ2-1*00								normal.airr.tsv_B	1	ASSQEFGGYLNEQF	84	1	Unknown
				TRBV11-2*00		TRBJ2-7*00								normal.airr.tsv_B	1	ASSLGRRSGYEQY	85	1	Unknown
				TRBV4-1*00		TRBJ2-1*00								normal.airr.tsv_B	1	ASSQDPGLYNEQF	86	1	Unknown
				TRBV20-1*00		TRBJ2-1*00								normal.airr.tsv_B	1	SARDWGTNNEQF	87	1	Unknown
				TRBV18*00		TRBJ2-1*00								normal.airr.tsv_B	1	ATSPGGTDEQF	88	1	Unknown
				TRBV24-1*00		TRBJ2-2*00								normal.airr.tsv_B	1	ATSDLREGDTGELF	89	1	Unknown
				TRBV4-1*00		TRBJ2-5*00								normal.airr.tsv_B	1	ASSPPSGGAQETQY	90	1	Unknown
				TRBV11-2*00		TRBJ2-3*00								normal.airr.tsv_B	2	ASSPRDPSTDTQY	91	1	Unknown
				TRBV7-9*00		TRBJ1-2*00								normal.airr.tsv_B	1	ASSLDHGYT	92	1	Unknown
				TRBV4-2*00		TRBJ2-7*00								normal.airr.tsv_B	2	ASSPLTGGSTYEQY	93	1	Unknown
				TRBV29-1*00		TRBJ1-2*00								normal.airr.tsv_B	1	SALKLSGYGYT	94	1	Unknown
				TRBV29-1*00		TRBJ2-3*00								normal.airr.tsv_B	1	SVVSVPRADTQY	95	1	Unknown
				TRBV29-1*00		TRBJ2-1*00								normal.airr.tsv_B	1	SANSGATYNEQF	96	1	Other
				TRBV2*00		TRBJ2-1*00								normal.airr.tsv_B	2	ASSVQGQQF	97	1	Unknown
				TRBV11-2*00		TRBJ2-2*00								normal.airr.tsv_B	1	ASSLRTGATTGELF	98	1	Unknown
				TRBV9*00		TRBJ1-2*00								normal.airr.tsv_B	3	ASSVDLRPNYGYT	99	1	Unknown
				TRBV20-1*00		TRBJ2-1*00								normal.airr.tsv_B	1	SAPAGDGWVF	100	1	Unknown
				TRBV20-1*00		TRBJ1-1*00								normal.airr.tsv_B	2	SARDQGVGTEAF	101	1	Unknown
				TRBV4-2*00		TRBJ1-1*00								normal.airr.tsv_B	1	ASRLDLNTEAF	102	1	Unknown
				TRBV7-6*00		TRBJ2-3*00								normal.airr.tsv_B	1	ASSWNPGQGSPDTDTQY	103	1	Unknown
				TRBV7-2*00		TRBJ2-1*00								normal.airr.tsv_B	1	ASSFAGGLVNEQF	104	1	Unknown
				TRBV19*00		TRBJ1-5*00								normal.airr.tsv_B	1	ASSNGRNQPQH	105	1	Other
				TRBV4-1*00		TRBJ1-1*00								normal.airr.tsv_B	1	ASSQDYTEAF	106	1	SARS-CoV2
				TRBV12-3*00		TRBJ2-5*00								normal.airr.tsv_B	1	ASSPPEGETQY	107	1	CMV
				TRBV5-1*00		TRBJ1-2*00								normal.airr.tsv_B	1	ASSLDTEGYGYT	108	1	Unknown
				TRBV11-2*00		TRBJ1-6*00								normal.airr.tsv_B	1	ASSSGSGSPLH	109	1	Unknown
				TRBV5-5*00		TRBJ1-1*00								normal.airr.tsv_B	1	ASSLRGGESNTEAF	110	1	Unknown
				TRBV11-2*00		TRBJ2-1*00								normal.airr.tsv_B	1	ASSSPNGSYNEQF	111	1	Unknown
				TRBV5-1*00		TRBJ2-3*00								normal.airr.tsv_B	2	ASMTGFTDTQY	112	1	Unknown
				TRBV20-1*00		TRBJ1-2*00								normal.airr.tsv_B	1	SASLQNYGYT	113	1	Unknown
				TRBV29-1*00		TRBJ2-3*00								normal.airr.tsv_B	1	SVPRGIGGSHRGQY	114	1	Unknown
				TRBV5-1*00		TRBJ1-1*00								normal.airr.tsv_B	1	ASSLEPRGPRGTEAF	115	1	Unknown
				TRBV7-2*00		TRBJ2-1*00								normal.airr.tsv_B	2	ASSLVERNEQF	116	1	SARS-CoV2
				TRBV7-9*00		TRBJ1-1*00								normal.airr.tsv_B	1	ASSLEITEAF	117	1	SARS-CoV2
				TRBV5-1*00		TRBJ2-1*00								normal.airr.tsv_B	1	ASRVGESYNEQF	118	1	Unknown
				TRBV13*00		TRBJ2-1*00								normal.airr.tsv_B	1	ASSLEGGSNEQF	119	1	Unknown
				TRBV12-3*00		TRBJ2-3*00								normal.airr.tsv_B	1	ASSLVGMRAGVENTDTQY	120	1	Unknown
				TRBV7-9*00		TRBJ2-7*00								normal.airr.tsv_B	1	ASSYATNYEQY	121	1	Unknown
				TRBV9*00		TRBJ1-1*00								normal.airr.tsv_B	1	ASSPNRESEAF	122	1	Unknown
				TRBV18*00		TRBJ2-2*00								normal.airr.tsv_B	2	ASSPPGSENTGELF	123	1	Unknown
				TRBV4-1*00		TRBJ1-2*00								normal.airr.tsv_B	1	ASSQEEGKLGGNGYT	124	1	Unknown
				TRBV12-3*00		TRBJ2-1*00								normal.airr.tsv_B	1	ASSPLAGGLYNEQF	125	1	SARS-CoV2
				TRBV4-2*00		TRBJ2-2*00								normal.airr.tsv_B	1	ASSEIHGTGELF	126	1	Unknown
				TRBV7-8*00		TRBJ2-3*00								normal.airr.tsv_B	1	ASSLEASPTDTQY	127	1	Unknown
				TRBV19*00		TRBJ1-1*00								normal.airr.tsv_B	1	ASRSTGGATEAF	128	1	Unknown
				TRBV30*00		TRBJ1-6*00								normal.airr.tsv_B	1	AWSVMENSPLH	129	1	Unknown
				TRBV3-1*00		TRBJ1-3*00								normal.airr.tsv_B	1	ASSPRWGWGDTIY	130	1	Unknown
				TRBV5-1*00		TRBJ1-2*00								normal.airr.tsv_B	1	ASKRNRQGGYT	131	1	Unknown
				TRBV11-2*00		TRBJ2-7*00								normal.airr.tsv_B	1	ASSLRGTSRSYEQY	132	1	Unknown
				TRBV27*00		TRBJ2-1*00								normal.airr.tsv_B	1	ASSLAQSSYNEQF	133	1	CMV
				TRBV20-1*00		TRBJ2-2*00								normal.airr.tsv_B	1	SARYASGRRNTGELF	134	1	Unknown
				TRBV6-1*00		TRBJ2-3*00								normal.airr.tsv_B	1	ASSEPAVITDTQY	135	1	Unknown
				TRBV11-1*00		TRBJ2-3*00								normal.airr.tsv_B	1	ASSLGASLGDTQY	136	1	Unknown
				TRBV20-1*00		TRBJ2-4*00								normal.airr.tsv_B	1	SARDLARQGAGNIQY	137	1	Unknown
				TRBV7-2*00		TRBJ1-2*00								normal.airr.tsv_B	1	ASSQDGSGYGYT	138	1	Unknown
				TRBV7-2*00		TRBJ2-1*00								normal.airr.tsv_B	2	ASSLTTGPYNEQF	139	1	SARS-CoV2
				TRBV11-1*00		TRBJ2-3*00								normal.airr.tsv_B	1	ASSLAPGLNPTQN	140	1	Unknown
				TRBV14*00		TRBJ2-2*00								normal.airr.tsv_B	1	ASSRGTMNTGELF	141	1	Unknown
				TRBV20-1*00		TRBJ2-5*00								normal.airr.tsv_B	1	SARGPFGTQY	142	1	Unknown
				TRBV13*00		TRBJ2-3*00								normal.airr.tsv_B	2	ASSQIGGTTDTQY	143	1	Unknown
				TRBV7-8*00		TRBJ2-7*00								normal.airr.tsv_B	1	ASSPGLAESSYEQY	144	1	Unknown
				TRBV7-9*00		TRBJ2-7*00								normal.airr.tsv_B	1	ASSNLKGGWYEQY	145	1	Unknown
				TRBV23-1*00		TRBJ1-6*00								normal.airr.tsv_B	2	ASSQSLSCGSPLH	146	1	Unknown
				TRBV20-1*00		TRBJ2-7*00								normal.airr.tsv_B	1	SARDTDNYEQY	147	1	Unknown
				TRBV7-2*00		TRBJ2-3*00								normal.airr.tsv_B	1	ASSSGTVSSDTQY	148	1	Unknown
				TRBV4-2*00		TRBJ2-1*00								normal.airr.tsv_B	1	ASSQALGVSNEQF	149	1	Unknown
				TRBV19*00		TRBJ1-5*00								normal.airr.tsv_B	1	ASSIAWQPQH	150	1	CMV
				TRBV12-3*00		TRBJ2-7*00								normal.airr.tsv_B	1	ASSFGLAGGTYEQY	151	1	Unknown
				TRBV20-1*00		TRBJ2-2*00								normal.airr.tsv_B	1	SARDLGTSGNTGELF	152	1	Unknown
				TRBV11-2*00		TRBJ2-7*00								normal.airr.tsv_B	1	ASSGSNSYEQY	153	1	Unknown
				TRBV14*00		TRBJ1-1*00								normal.airr.tsv_B	1	ASSQYIEGTEAF	154	1	Unknown
				TRBV27*00		TRBJ2-7*00								normal.airr.tsv_B	2	ASSSTGTGRDEQY	155	1	SARS-CoV2
				TRBV10-3*00		TRBJ2-7*00								normal.airr.tsv_B	1	AKRGYEQY	156	1	SARS-CoV2
				TRBV10-2*00		TRBJ2-5*00								normal.airr.tsv_B	1	ASMWTSGQETQY	157	1	Unknown
				TRBV29-1*00		TRBJ1-2*00								normal.airr.tsv_B	1	SADRGQGYGYT	158	1	Unknown
				TRBV29-1*00		TRBJ1-1*00								normal.airr.tsv_B	1	SGGGGTEAF	159	1	SARS-CoV2
				TRBV19*00		TRBJ1-1*00								normal.airr.tsv_B	1	ASSIAGENTEAF	160	1	Unknown
				TRBV7-2*00		TRBJ1-1*00								normal.airr.tsv_B	1	ASSLVPGVNTEAF	161	1	Unknown
				TRBV19*00		TRBJ1-1*00								normal.airr.tsv_B	1	ASSMDRRLAEAF	162	1	Unknown
				TRBV28*00		TRBJ2-7*00								normal.airr.tsv_B	1	ASSPSGTANEQY	163	1	Unknown
				TRBV4-3*00		TRBJ2-1*00								normal.airr.tsv_B	1	ASSQDPRTYNEQF	164	1	Unknown
				TRBV2*00		TRBJ2-1*00								normal.airr.tsv_B	1	ARSKYGRSYNEQF	165	1	Unknown
				TRBV6-1*00		TRBJ2-3*00								normal.airr.tsv_B	1	ASMREETDTQY	166	1	Unknown
				TRBV7-8*00		TRBJ2-7*00								normal.airr.tsv_B	1	ASSAGQAYEQY	167	1	Multiple Epitopes
				TRBV27*00		TRBJ1-2*00								normal.airr.tsv_B	1	ASSPTGTAYGYT	168	1	CMV
				TRBV28*00		TRBJ2-7*00								normal.airr.tsv_B	1	ASSLMRANYEQY	169	1	Unknown
				TRBV2*00		TRBJ2-1*00								normal.airr.tsv_B	1	ASSDPGSEQF	170	1	Unknown
				TRBV12-3*00		TRBJ2-3*00								normal.airr.tsv_B	1	ASSPTSSGGSTDTQY	171	1	Unknown
				TRBV19*00		TRBJ2-7*00								normal.airr.tsv_B	1	ASSYSVPSYEQY	172	1	Unknown
				TRBV7-3*00		TRBJ2-2*00								normal.airr.tsv_B	1	ASSSGLGDTGELF	173	1	Unknown
				TRBV10-3*00		TRBJ1-2*00								normal.airr.tsv_B	1	AISESGAANYGYT	174	1	Unknown
				TRBV6-5*00		TRBJ2-1*00								normal.airr.tsv_B	1	ASSYGREGGNEQF	175	1	Unknown
				TRBV5-6*00		TRBJ2-1*00								normal.airr.tsv_B	1	ASSSAGLAGNEPF	176	1	Unknown
				TRBV7-3*00		TRBJ2-1*00								normal.airr.tsv_B	1	ASSLRQGLNNEQF	177	1	Unknown
				TRBV3-1*00		TRBJ2-5*00								normal.airr.tsv_B	1	ASSPAGEETQY	178	1	Unknown
				TRBV2*00		TRBJ1-1*00								normal.airr.tsv_B	1	ASRDRAETEAF	179	1	Unknown
				TRBV12-3*00		TRBJ2-2*00								normal.airr.tsv_B	1	ASSPEVAGVTGELF	180	1	Unknown
				TRBV2*00		TRBJ1-1*00								normal.airr.tsv_B	1	ASSEVRHVAYRGRSTEAF	181	1	Unknown
				TRBV19*00		TRBJ2-3*00								normal.airr.tsv_B	1	ASSISRGGPSATQY	182	1	Unknown
				TRBV19*00		TRBJ1-5*00								normal.airr.tsv_B	2	ATWVGRMDQPQH	183	1	Unknown
				TRBV11-1*00		TRBJ2-7*00								normal.airr.tsv_B	1	ASSSTGPVAPHEQY	184	1	Unknown
				TRBV4-2*00		TRBJ1-2*00								normal.airr.tsv_B	1	ASSQQAGTGNYGYT	185	1	Unknown
				TRBV2*00		TRBJ2-3*00								normal.airr.tsv_B	1	ASGGGRDTQY	186	1	Unknown
				TRBV13*00		TRBJ1-2*00								normal.airr.tsv_B	1	ASSSQTNYGYT	187	1	Unknown
				TRBV11-1*00		TRBJ2-5*00								normal.airr.tsv_B	1	ASSLGRLYQETQY	188	1	Unknown
				TRBV7-7*00		TRBJ2-5*00								normal.airr.tsv_B	1	ASSLGGSQETQY	189	1	SARS-CoV2
				TRBV5-5*00		TRBJ2-3*00								normal.airr.tsv_B	1	ASSFSSIGDTQY	190	1	Unknown
				TRBV27*00		TRBJ2-1*00								normal.airr.tsv_B	1	ASREQGIGNEQF	191	1	Unknown
				TRBV11-2*00		TRBJ2-3*00								normal.airr.tsv_B	1	ASRWTSGEADTQY	192	1	Unknown
				TRBV11-1*00		TRBJ2-7*00								normal.airr.tsv_B	1	ASETDGYEQY	193	1	SARS-CoV2
				TRBV16*00		TRBJ2-7*00								normal.airr.tsv_B	2	ASSQSSGGMEEQY	194	1	Unknown
				TRBV27*00		TRBJ2-1*00								normal.airr.tsv_B	1	ASSDYLSSYNEQF	195	1	Unknown
				TRBV12-3*00		TRBJ2-7*00								normal.airr.tsv_B	1	ASSGGPYEQY	196	1	SARS-CoV2
				TRBV5-5*00		TRBJ2-7*00								normal.airr.tsv_B	1	ASSSQGSNYEQY	197	1	Unknown
				TRBV27*00		TRBJ2-7*00								normal.airr.tsv_B	1	ASSYAGGPIYEQY	198	1	Unknown
				TRBV28*00		TRBJ1-6*00								normal.airr.tsv_B	1	ASSLIARGPGSPLH	199	1	Unknown
				TRBV6-2*00		TRBJ2-7*00								normal.airr.tsv_B	1	ASSYAGGPIYDQY	200	1	Unknown
				TRBV11-1*00		TRBJ2-7*00								normal.airr.tsv_B	1	ASSLRSDTFYEQY	201	1	Unknown
				TRBV7-1*00		TRBJ2-3*00								normal.airr.tsv_B	1	ASSSGLATDTQY	202	1	Multiple Epitopes
				TRBV7-9*00		TRBJ2-7*00								normal.airr.tsv_B	1	ASPVRSYTFYERY	203	1	Unknown
				TRBV7-2*00		TRBJ2-5*00								normal.airr.tsv_B	1	ASSLGPTQY	204	1	Unknown
				TRBV4-2*00		TRBJ2-5*00								normal.airr.tsv_B	1	ASSITSGSAKETQY	205	1	Unknown
				TRBV6-2*00		TRBJ2-3*00								normal.airr.tsv_B	1	SSSYLGTKNTDTQG	206	1	Unknown
				TRBV12-3*00		TRBJ2-1*00								normal.airr.tsv_B	1	ASSPLGYEQF	207	1	SARS-CoV2
				TRBV7-2*00		TRBJ2-3*00								normal.airr.tsv_B	1	ASSPAGATDTQY	208	1	SARS-CoV2
				TRBV7-6*00		TRBJ2-7*00								normal.airr.tsv_B	1	ASSLETSRRYEQY	209	1	Unknown
				TRBV19*00		TRBJ2-1*00								normal.airr.tsv_B	1	ASSMGFNNEQF	210	1	Unknown
				TRBV12-3*00		TRBJ2-1*00								normal.airr.tsv_B	1	ASSRPTRSDSPEQF	211	1	Unknown
				TRBV5-1*00		TRBJ2-7*00								normal.airr.tsv_B	1	ASSAAVGLAAYEQY	212	1	Unknown
				TRBV28*00		TRBJ2-2*00								normal.airr.tsv_B	5	ASRETGASNTGELF	213	1	Unknown
				TRBV6-2*00		TRBJ2-2*00								normal.airr.tsv_B	1	ASSYDSGTGKLF	214	1	CMV
				TRBV4-3*00		TRBJ2-1*00								normal.airr.tsv_B	2	ASSPGISYNEQF	215	1	EBV
				TRBV5-1*00		TRBJ1-1*00								normal.airr.tsv_B	1	ASSPWGQGNTEAF	216	1	Unknown
				TRBV5-5*00		TRBJ1-1*00								normal.airr.tsv_B	1	ASSLERYSEAF	217	1	Unknown
				TRBV11-2*00		TRBJ2-7*00								normal.airr.tsv_B	1	ASSPSTGALTYEQY	218	1	Unknown
				TRBV2*00		TRBJ1-5*00								normal.airr.tsv_B	1	AVSGQGDQPQH	219	1	Unknown
				TRBV7-9*00		TRBJ2-2*00								normal.airr.tsv_B	1	ASSLYETGELF	220	1	Unknown
				TRBV30*00		TRBJ1-1*00								normal.airr.tsv_B	1	AWSTGVTTEAF	221	1	Unknown
				TRBV12-4*00		TRBJ2-1*00								normal.airr.tsv_B	1	ASSFTSGTGNEQF	222	1	SARS-CoV2
				TRBV5-5*00		TRBJ1-1*00								normal.airr.tsv_B	1	ASSLERYIQAF	223	1	Unknown
				TRBV29-1*00		TRBJ1-2*00								normal.airr.tsv_B	1	SVEGLNYGYT	224	1	Unknown
				TRBV11-1*00		TRBJ2-7*00								normal.airr.tsv_B	1	ASSLMTGGRYEQY	225	1	Unknown
				TRBV11-1*00		TRBJ1-4*00								normal.airr.tsv_B	1	ASSLGAYATNEKLF	226	1	Unknown
				TRBV19*00		TRBJ2-4*00								normal.airr.tsv_B	1	ASSMGRNNLAKNIQY	227	1	Unknown
				TRBV20-1*00		TRBJ2-6*00								normal.airr.tsv_B	1	SALLPRSGANVLT	228	1	Unknown
				TRBV7-9*00		TRBJ2-2*00								normal.airr.tsv_B	1	ASSLELAGAPTGELF	229	1	Unknown
				TRBV7-2*00		TRBJ2-1*00								normal.airr.tsv_B	1	ASSYYAGSSYNEQF	230	1	Unknown
				TRBV4-1*00		TRBJ2-1*00								normal.airr.tsv_B	1	ASSQEYNEQF	231	1	Other
				TRBV4-3*00		TRBJ2-5*00								normal.airr.tsv_B	1	ASSQELIETQY	232	1	Unknown
				TRBV7-2*00		TRBJ2-7*00								normal.airr.tsv_B	1	ASSFSTSGAYEQY	233	1	Unknown
				TRBV24-1*00		TRBJ2-3*00								normal.airr.tsv_B	2	ATTQREWKDTQY	234	1	Unknown
				TRBV28*00		TRBJ2-4*00								normal.airr.tsv_B	3	ASSRDGPRNIQY	235	1	Unknown
				TRBV29-1*00		TRBJ2-7*00								normal.airr.tsv_B	2	SADRGRGEQY	236	1	Unknown
				TRBV3-1*00		TRBJ2-1*00								normal.airr.tsv_B	1	ASSQERDRGRNNEQF	237	1	Unknown
				TRBV7-8*00		TRBJ2-2*00								normal.airr.tsv_B	1	ASITGRGVTGELF	238	1	Unknown
				TRBV7-6*00		TRBJ2-7*00								normal.airr.tsv_B	1	ASSLRSGTSGSSEQY	239	1	Unknown
				TRBV28*00		TRBJ1-2*00								normal.airr.tsv_B	1	ASVSGDLYGYT	240	1	Unknown
				TRBV12-4*00		TRBJ1-5*00								normal.airr.tsv_B	1	ASSGPPPEGPHTQH	241	1	Unknown
				TRBV3-1*00		TRBJ2-1*00								normal.airr.tsv_B	1	ASSPGLAIGSDEQF	242	1	Unknown
				TRBV6-5*00		TRBJ1-1*00								normal.airr.tsv_B	1	ASSLAVNTEAF	243	1	Multiple Epitopes
				TRBV12-3*00		TRBJ1-5*00								normal.airr.tsv_B	1	ASSWGAQGLSQPQH	244	1	Unknown
				TRBV20-1*00		TRBJ2-2*00								normal.airr.tsv_B	2	SALAGGPAGELF	245	1	Unknown
				TRBV20-1*00		TRBJ2-5*00								normal.airr.tsv_B	2	SAEHQETQY	246	1	Unknown
				TRBV6-4*00		TRBJ2-3*00								normal.airr.tsv_B	1	ASSDGTSGIDTQY	247	1	Unknown
				TRBV28*00		TRBJ2-5*00								normal.airr.tsv_B	1	ASRGRGETQY	248	1	Unknown
				TRBV24-1*00		TRBJ2-5*00								normal.airr.tsv_B	1	ATSDSPSETQY	249	1	Unknown
				TRBV27*00		TRBJ2-5*00								normal.airr.tsv_B	1	ASGDRGETQY	250	1	EBV
				TRBV27*00		TRBJ2-1*00								normal.airr.tsv_B	1	ASSQPWTSGSYNEQF	251	1	Unknown
				TRBV25-1*00		TRBJ2-5*00								normal.airr.tsv_B	1	ASNSHGIQGDETQY	252	1	Unknown
				TRBV23-1*00		TRBJ2-5*00								normal.airr.tsv_B	1	ASSRPDIGGETQY	253	1	Unknown
				TRBV7-8*00		TRBJ2-5*00								normal.airr.tsv_B	2	ASSLLQETQY	254	1	Multiple Epitopes
				TRBV20-1*00		TRBJ2-1*00								normal.airr.tsv_B	1	SARTGVSYNEQF	255	1	Unknown
				TRBV27*00		TRBJ1-1*00								normal.airr.tsv_B	1	ASSLQGNTEAF	256	1	Multiple Epitopes
				TRBV4-3*00		TRBJ1-4*00								normal.airr.tsv_B	1	ASSQEATAIATNEKLF	257	1	Unknown
				TRBV19*00		TRBJ2-3*00								normal.airr.tsv_B	1	ASSNRADTQY	258	1	Unknown
				TRBV20-1*00		TRBJ2-1*00								normal.airr.tsv_B	1	SARLSTAEQF	259	1	Unknown
				TRBV27*00		TRBJ2-2*00								normal.airr.tsv_B	2	ASSFIGEGSGELF	260	1	Unknown
				TRBV29-1*00		TRBJ2-3*00								normal.airr.tsv_B	1	SVVLWTSGRGGPDTQY	261	1	Unknown
				TRBV7-2*00		TRBJ1-5*00								normal.airr.tsv_B	1	ASSQGTGGPQPQH	262	1	Unknown
				TRBV6-2*00		TRBJ1-5*00								normal.airr.tsv_B	1	ASRTGTANQPQH	263	1	Unknown
				TRBV16*00		TRBJ1-2*00								normal.airr.tsv_B	1	ASSLGQGFT	264	1	Unknown
				TRBV28*00		TRBJ1-2*00								normal.airr.tsv_B	1	ASRGFSRAGQPTYGYT	265	1	Unknown
				TRBV5-1*00		TRBJ2-1*00								normal.airr.tsv_B	1	ASSLPGTDYNEQF	266	1	Unknown
				TRBV5-1*00		TRBJ2-1*00								normal.airr.tsv_B	1	ASSSTSGGGNEQF	267	1	Unknown
				TRBV11-2*00		TRBJ2-7*00								normal.airr.tsv_B	2	ASSLGTGGPSSYEQY	268	1	Unknown
				TRBV29-1*00		TRBJ1-4*00								normal.airr.tsv_B	1	SVGQATNEKLF	269	1	Unknown
				TRBV7-8*00		TRBJ2-3*00								normal.airr.tsv_B	1	ASSPGLSLSTDTQY	270	1	Unknown
				TRBV6-2*00		TRBJ2-7*00								normal.airr.tsv_B	1	ASRSLGGTYEQY	271	1	Unknown
				TRBV19*00		TRBJ1-5*00								normal.airr.tsv_B	1	ATSGQGDQPQH	272	1	Unknown
				TRBV9*00		TRBJ2-1*00								normal.airr.tsv_B	2	ASSVEGQLSYNEQF	273	1	Unknown
				TRBV4-3*00		TRBJ2-7*00								normal.airr.tsv_B	1	ASSHTGTGYEQY	274	1	Unknown
				TRBV18*00		TRBJ2-5*00								normal.airr.tsv_B	1	ASSPRTSVQETQY	275	1	Unknown
				TRBV2*00		TRBJ2-7*00								normal.airr.tsv_B	1	ASSEGSGGPYEQY	276	1	SARS-CoV2
				TRBV10-3*00		TRBJ1-5*00								normal.airr.tsv_B	1	AIRGTGANQPQH	277	1	Unknown
				TRBV11-1*00		TRBJ2-7*00								normal.airr.tsv_B	1	ASSIEGPYEQY	278	1	CMV
				TRBV6-1*00		TRBJ1-1*00								normal.airr.tsv_B	1	ASSHQGNMEAF	279	1	Unknown
				TRBV11-1*00		TRBJ1-1*00								normal.airr.tsv_B	1	ASSGVEAVTEAF	280	1	Unknown
				TRBV28*00		TRBJ1-2*00								normal.airr.tsv_B	1	ASRAGPLGYT	281	1	Unknown
				TRBV29-1*00		TRBJ2-3*00								normal.airr.tsv_B	1	SVVWVHFSTDTQY	282	1	Unknown
				TRBV11-1*00		TRBJ2-7*00								normal.airr.tsv_B	1	ASSERQLPEQY	283	1	Unknown
				TRBV5-4*00		TRBJ1-2*00								normal.airr.tsv_B	1	ASSLGQGDYGYT	284	1	Unknown
				TRBV7-9*00		TRBJ2-7*00								normal.airr.tsv_B	1	ASSERQLPEQY	285	1	Unknown
				TRBV29-1*00		TRBJ1-2*00								normal.airr.tsv_B	1	SVEDPRGDNYGYT	286	1	Unknown
				TRBV5-1*00		TRBJ1-5*00								normal.airr.tsv_B	1	ASSREGDQPQH	287	1	Unknown
				TRBV7-6*00		TRBJ2-3*00								normal.airr.tsv_B	5	ASSLEAGKIDTQY	288	1	Unknown
				TRBV7-3*00		TRBJ2-1*00								normal.airr.tsv_B	1	ASSLTSGPYNEQF	289	1	Multiple Epitopes
				TRBV29-1*00		TRBJ2-7*00								normal.airr.tsv_B	1	SVEKETGHEQY	290	1	Unknown
				TRBV9*00		TRBJ1-1*00								normal.airr.tsv_B	2	AIPAPGVNTEAF	291	1	Unknown
				TRBV5-4*00		TRBJ2-1*00								normal.airr.tsv_B	1	ASSLIGSGSSYNEQF	292	1	Unknown
				TRBV4-2*00		TRBJ2-1*00								normal.airr.tsv_B	1	ASSQTSGPHNEQF	293	1	Unknown
				TRBV7-2*00		TRBJ2-1*00								normal.airr.tsv_B	2	ASSQTSGPHNEQF	294	1	Unknown
				TRBV11-3*00		TRBJ2-7*00								normal.airr.tsv_B	1	ASTVTGSYEQY	295	1	Unknown
				TRBV7-9*00		TRBJ2-5*00								normal.airr.tsv_B	1	ASSLVSVRTGSQETQY	296	1	Unknown
				TRBV28*00		TRBJ2-4*00								normal.airr.tsv_B	1	ASRGLQAGDEDIQY	297	1	Unknown
				TRBV7-2*00		TRBJ2-1*00								normal.airr.tsv_B	1	ASSLTSGSYNEQF	298	1	Multiple Epitopes
				TRBV15*00		TRBJ2-7*00								normal.airr.tsv_B	1	ATSRAGSGRTDLDEQY	299	1	Unknown
				TRBV4-1*00		TRBJ2-3*00								normal.airr.tsv_B	1	ASSPPGTDTQY	300	1	CMV
				TRBV12-3*00		TRBJ1-1*00								normal.airr.tsv_B	1	ASSLGQANTEAF	301	1	SARS-CoV2
				TRBV4-2*00		TRBJ2-7*00								normal.airr.tsv_B	2	ASSPTGGRDEQY	302	1	Unknown
				TRBV7-8*00		TRBJ2-5*00								normal.airr.tsv_B	1	ASSSPPLPSGGPQETQY	303	1	Unknown
				TRBV20-1*00		TRBJ2-1*00								normal.airr.tsv_B	1	SPRIHSGNEQF	304	1	Unknown
				TRBV27*00		TRBJ2-3*00								normal.airr.tsv_B	1	ASSLWTSGGAADTQY	305	1	Unknown
				TRBV28*00		TRBJ2-7*00								normal.airr.tsv_B	1	ASSPPGSKEQY	306	1	Unknown
				TRBV29-1*00		TRBJ1-1*00								normal.airr.tsv_B	1	SVDGGEVTEAF	307	1	Unknown
				TRBV29-1*00		TRBJ1-4*00								normal.airr.tsv_B	1	SVGTGGTNEKLF	308	1	EBV
				TRBV3-1*00		TRBJ2-1*00								normal.airr.tsv_B	1	ASRRGLAGGSSSYNEQF	309	1	Unknown
				TRBV27*00		TRBJ2-1*00								normal.airr.tsv_B	1	ASRGAANNEQF	310	1	Unknown
				TRBV11-1*00		TRBJ2-7*00								normal.airr.tsv_B	1	ASSSGTKFYEQY	311	1	Unknown
				TRBV21-1*00		TRBJ2-7*00								normal.airr.tsv_B	1	ASSKDFPGLAGIEQY	312	1	Unknown
				TRBV6-1*00		TRBJ2-3*00								normal.airr.tsv_B	1	ASSVSTGGKTDTQY	313	1	Unknown
				TRBV11-1*00		TRBJ2-3*00								normal.airr.tsv_B	1	ASSFNRQNPLDTQY	314	1	Unknown
				TRBV12-3*00		TRBJ1-1*00								normal.airr.tsv_B	1	ASNQDRGLGNTEAF	315	1	Unknown
				TRBV27*00		TRBJ2-7*00								normal.airr.tsv_B	1	ASSFASGNNEQY	316	1	SARS-CoV2
				TRBV6-1*00		TRBJ1-1*00								normal.airr.tsv_B	1	ASSEALHRTRDTEAF	317	1	Unknown
				TRBV18*00		TRBJ2-3*00								normal.airr.tsv_B	1	ASSPPGSTDTQY	318	1	Unknown
				TRBV11-1*00		TRBJ2-5*00								normal.airr.tsv_B	1	ASSLDRGSGQY	319	1	Unknown
				TRBV3-1*00		TRBJ2-2*00								normal.airr.tsv_B	1	ASSQVWGGTGELF	320	1	Unknown
				TRBV12-3*00		TRBJ1-2*00								normal.airr.tsv_B	1	ASSPGQAANYGYT	321	1	Unknown
				TRBV18*00		TRBJ2-3*00								normal.airr.tsv_B	2	ASSPPRGSTDTQY	322	1	Unknown
				TRBV12-3*00		TRBJ1-1*00								normal.airr.tsv_B	1	ASSDRGVSTEAF	323	1	Unknown
				TRBV28*00		TRBJ1-5*00								normal.airr.tsv_B	1	ASSLIGGRPQPQH	324	1	Unknown
				TRBV20-1*00		TRBJ1-1*00								normal.airr.tsv_B	1	SARDPRGAGEAF	325	1	Unknown
				TRBV6-1*00		TRBJ2-1*00								normal.airr.tsv_B	1	ASSEQRGTEDEQF	326	1	Unknown
				TRBV4-1*00		TRBJ2-3*00								normal.airr.tsv_B	1	ASSQDSGASTQY	327	1	Unknown
				TRBV20-1*00		TRBJ1-1*00								normal.airr.tsv_B	1	SAGQGYTEAF	328	1	Unknown
				TRBV29-1*00		TRBJ2-2*00								normal.airr.tsv_B	1	SVEERAALNTGELF	329	1	Unknown
				TRBV10-2*00		TRBJ1-1*00								normal.airr.tsv_B	1	ASTLGGNTEAF	330	1	Unknown
				TRBV6-2*00		TRBJ1-1*00								normal.airr.tsv_B	1	ASSYSSQGTEAF	331	1	Unknown
				TRBV5-1*00		TRBJ2-6*00								normal.airr.tsv_B	2	ASSLTTEISGANVLT	332	1	Unknown
				TRBV4-3*00		TRBJ2-7*00								normal.airr.tsv_B	1	ASASGTSSYEQY	333	1	SARS-CoV2
				TRBV9*00		TRBJ1-2*00								normal.airr.tsv_B	1	ASSPALREEWDYGYT	334	1	Unknown
				TRBV11-3*00		TRBJ2-5*00								normal.airr.tsv_B	1	ASSSLEVGETQY	335	1	Unknown
				TRBV29-1*00		TRBJ1-6*00								normal.airr.tsv_B	1	SARDGASPLH	336	1	Unknown
				TRBV12-4*00		TRBJ2-7*00								normal.airr.tsv_B	1	ASSLQSHSDEQY	337	1	Unknown
				TRBV7-9*00		TRBJ1-3*00								normal.airr.tsv_B	1	ASSFAGQGNTIY	338	1	Unknown
				TRBV12-3*00		TRBJ1-2*00								normal.airr.tsv_B	1	ASSLSETVFNYGYT	339	1	Unknown
				TRBV6-1*00		TRBJ2-1*00								normal.airr.tsv_B	1	ASIGDARYNEQF	340	1	Unknown
				TRBV4-1*00		TRBJ2-5*00								normal.airr.tsv_B	1	ASSQGETQY	341	1	Multiple Epitopes
				TRBV19*00		TRBJ2-1*00								normal.airr.tsv_B	1	ASSIFPSNEQF	342	1	Unknown
				TRBV5-4*00		TRBJ2-1*00								normal.airr.tsv_B	1	ASSLSAYNEQF	343	1	Multiple Epitopes
				TRBV7-9*00		TRBJ2-2*00								normal.airr.tsv_B	1	AKQGSSNTGELF	344	1	Unknown
				TRBV6-5*00		TRBJ2-5*00								normal.airr.tsv_B	1	ASSYGGGAETQY	345	1	Unknown
				TRBV4-2*00		TRBJ1-6*00								normal.airr.tsv_B	1	ASSRGTNSPLH	346	1	Unknown
				TRBV6-2*00		TRBJ2-2*00								normal.airr.tsv_B	1	ASSTGTLNTGELF	347	1	Unknown
				TRBV9*00		TRBJ1-1*00								normal.airr.tsv_B	1	ASSITPGQAMNTEAF	348	1	Unknown
				TRBV29-1*00		TRBJ1-2*00								normal.airr.tsv_B	1	SVETGNYGYT	349	1	Unknown
				TRBV30*00		TRBJ2-2*00								normal.airr.tsv_B	1	AYKAGSQGGELF	350	1	Unknown
				TRBV27*00		TRBJ1-1*00								normal.airr.tsv_B	1	ASSFGKNTEAF	351	1	Human
				TRBV5-6*00		TRBJ1-1*00								normal.airr.tsv_B	1	ASSLRQLEAF	352	1	Unknown
				TRBV27*00		TRBJ2-7*00								normal.airr.tsv_B	1	ASSTHPTPKTGSYEQY	353	1	Unknown
				TRBV30*00		TRBJ2-1*00								normal.airr.tsv_B	1	AWSVGLAGEDEQF	354	1	Unknown
				TRBV4-3*00		TRBJ1-2*00								normal.airr.tsv_B	1	ASSLQTTGGYGYT	355	1	Unknown
				TRBV20-1*00		TRBJ2-3*00								normal.airr.tsv_B	1	SARDSTSGGVYTQY	356	1	Unknown
				TRBV11-2*00		TRBJ2-3*00								normal.airr.tsv_B	1	ASSLIPSGEDTQY	357	1	Unknown
				TRBV6-5*00		TRBJ2-3*00								normal.airr.tsv_B	1	ASSYSGVRGTDTQY	358	1	Unknown
				TRBV18*00		TRBJ2-7*00								normal.airr.tsv_B	1	ASSPAGRYEQY	359	1	SARS-CoV2
				TRBV25-1*00		TRBJ1-2*00								normal.airr.tsv_B	1	ASSVQGGGYGYT	360	1	Unknown
				TRBV5-1*00		TRBJ1-2*00								normal.airr.tsv_B	1	ASSLQGTYGYT	361	1	SARS-CoV2
				TRBV10-3*00		TRBJ1-1*00								normal.airr.tsv_B	1	AISPTGNTEAF	362	1	CMV
				TRBV4-1*00		TRBJ2-5*00								normal.airr.tsv_B	2	ASSPAGGEDQETQY	363	1	Unknown
				TRBV20-1*00		TRBJ2-1*00								normal.airr.tsv_B	2	SAPQTSGLAAWGEQF	364	1	Unknown
				TRBV7-2*00		TRBJ2-3*00								normal.airr.tsv_B	1	ASSLSYQGDTQY	365	1	Unknown
				TRBV27*00		TRBJ2-1*00								normal.airr.tsv_B	1	ASSLNSGAYNEQF	366	1	Unknown
				TRBV23-1*00		TRBJ1-2*00								normal.airr.tsv_B	2	ASSHWCGTSTASGYT	367	1	Unknown
				TRBV7-9*00		TRBJ1-1*00								normal.airr.tsv_B	1	ASSFVEGPTEAF	368	1	Unknown
				TRBV5-6*00		TRBJ2-3*00								normal.airr.tsv_B	1	ASSRGTSLSTDTQY	369	1	Unknown
				TRBV13*00		TRBJ2-3*00								normal.airr.tsv_B	3	ASSSRGTGSTDTQY	370	1	Unknown
				TRBV28*00		TRBJ2-1*00								normal.airr.tsv_B	1	ASSLPERSNNEQF	371	1	Unknown
				TRBV3-1*00		TRBJ1-5*00								normal.airr.tsv_B	1	ASSPGQGGNSNQPQH	372	1	Unknown
				TRBV29-1*00		TRBJ2-1*00								normal.airr.tsv_B	1	SGPTGGWSNEQF	373	1	Unknown
				TRBV4-1*00		TRBJ2-4*00								normal.airr.tsv_B	1	ASSQDSAGVTKNIQY	374	1	Unknown
				TRBV20-1*00		TRBJ1-1*00								normal.airr.tsv_B	1	SARDPHRGSVTEAF	375	1	Unknown
				TRBV29-1*00		TRBJ2-1*00								normal.airr.tsv_B	1	SVEGPDRNEQF	376	1	Unknown
				TRBV7-9*00		TRBJ1-6*00								normal.airr.tsv_B	1	ASSRGDRLDSPLH	377	1	Unknown
				TRBV4-1*00		TRBJ2-7*00								normal.airr.tsv_B	1	ASSQGSEQY	378	1	EBV
				TRBV4-2*00		TRBJ2-3*00								normal.airr.tsv_B	1	ASSQDEGHTDTQY	379	1	Unknown
				TRBV20-1*00		TRBJ2-1*00								normal.airr.tsv_B	2	SARDTGGYEQF	380	1	SARS-CoV2
				TRBV10-2*00		TRBJ2-7*00								normal.airr.tsv_B	1	ASLSGSSYEQY	381	1	Other
				TRBV28*00		TRBJ2-2*00								normal.airr.tsv_B	2	ASRSRGGRDTGELF	382	1	Unknown
				TRBV5-1*00		TRBJ2-2*00								normal.airr.tsv_B	1	ASSLDPLGELF	383	1	Unknown
				TRBV15*00		TRBJ2-7*00								normal.airr.tsv_B	1	ATSRERPSGGSYEQY	384	1	Unknown
				TRBV28*00		TRBJ1-6*00								normal.airr.tsv_B	1	ASSLIRTGHSPLH	385	1	Unknown
				TRBV7-6*00		TRBJ2-1*00								normal.airr.tsv_B	2	ASSSLASQPSSYNEQF	386	1	Unknown
				TRBV27*00		TRBJ2-7*00								normal.airr.tsv_B	1	ASTTGTGGGEQY	387	1	Unknown
				TRBV19*00		TRBJ2-3*00								normal.airr.tsv_B	1	ASSIRSTDTQY	388	1	Multiple Epitopes
				TRBV4-3*00		TRBJ2-1*00								normal.airr.tsv_B	1	ASSQGGETGGPDNEQF	389	1	Unknown
				TRBV4-3*00		TRBJ2-3*00								normal.airr.tsv_B	1	ASSRSSPTDTQY	390	1	Unknown
				TRBV19*00		TRBJ1-4*00								normal.airr.tsv_B	1	ASRPRDRGATNEKLF	391	1	Unknown
				TRBV9*00		TRBJ1-2*00								normal.airr.tsv_B	1	ASSDETPYGYT	392	1	Unknown
				TRBV11-2*00		TRBJ2-2*00								normal.airr.tsv_B	1	ASSLVGTGELF	393	1	Multiple Epitopes
				TRBV4-1*00		TRBJ2-5*00								normal.airr.tsv_B	1	ASSQDGIAGFQETQY	394	1	Unknown
				TRBV4-3*00		TRBJ1-5*00								normal.airr.tsv_B	1	ASSQGRAIGNQPQH	395	1	Unknown
				TRBV7-2*00		TRBJ2-7*00								normal.airr.tsv_B	1	ASSLGGISYEQY	396	1	SARS-CoV2
				TRBV6-5*00		TRBJ2-3*00								normal.airr.tsv_B	1	ASKGGTHPDTQY	397	1	Unknown
				TRBV19*00		TRBJ2-1*00								normal.airr.tsv_B	1	RGTGGLYNEQF	398	1	Unknown
				TRBV14*00		TRBJ2-7*00								normal.airr.tsv_B	1	ASSQDVGLVYEQY	399	1	Unknown
				TRBV27*00		TRBJ2-7*00								normal.airr.tsv_B	1	ASWPGGSSYEQY	400	1	Unknown
				TRBV5-1*00		TRBJ2-2*00								normal.airr.tsv_B	1	ASRTTFVNTGELF	401	1	Unknown
				TRBV7-2*00		TRBJ1-2*00								normal.airr.tsv_B	1	ASSLRGQGAEGYT	402	1	Unknown
				TRBV7-3*00		TRBJ1-6*00								normal.airr.tsv_B	1	ARGDSRSYNSPLH	403	1	Unknown
				TRBV19*00		TRBJ1-3*00								normal.airr.tsv_B	1	ASSQGSGNTIY	404	1	Multiple Epitopes
				TRBV14*00		TRBJ2-6*00								normal.airr.tsv_B	2	ASSQQGARGANVLT	405	1	Unknown
				TRBV3-1*00		TRBJ2-3*00								normal.airr.tsv_B	1	ASSQVGGAPTDTQY	406	1	Unknown
				TRBV5-6*00		TRBJ2-1*00								normal.airr.tsv_B	2	ASSFGLAGGTYNEQF	407	1	SARS-CoV2
				TRBV28*00		TRBJ2-7*00								normal.airr.tsv_B	1	ASNAPKGEQY	408	1	Unknown
				TRBV29-1*00		TRBJ2-3*00								normal.airr.tsv_B	1	SVEGTEVDTQY	409	1	Unknown
				TRBV19*00		TRBJ2-1*00								normal.airr.tsv_B	1	ASSMGQGGSNEQF	410	1	Unknown
				TRBV28*00		TRBJ1-4*00								normal.airr.tsv_B	1	ASIRERAGEKLF	411	1	Unknown
				TRBV12-5*00		TRBJ1-1*00								normal.airr.tsv_B	1	ASAPEFGTEAF	412	1	Unknown
				TRBV6-2*00		TRBJ1-1*00								normal.airr.tsv_B	1	ASSPTGRAPEAF	413	1	Unknown
				TRBV2*00		TRBJ2-3*00								normal.airr.tsv_B	2	ASSEAAGLAGEGSTDTQY	414	1	Unknown
				TRBV27*00		TRBJ2-7*00								normal.airr.tsv_B	1	ASSPDRGGYEQY	415	1	Unknown
				TRBV12-3*00		TRBJ2-1*00								normal.airr.tsv_B	1	ASSSPLEEWGNEQF	416	1	Unknown
				TRBV5-5*00		TRBJ2-7*00								normal.airr.tsv_B	1	ASSYGTVAYEQY	417	1	Unknown
				TRBV7-9*00		TRBJ2-6*00								normal.airr.tsv_B	1	ASSLVTGTGANVLT	418	1	Unknown
				TRBV6-1*00		TRBJ2-2*00								normal.airr.tsv_B	2	ASSEEIIAMDGELF	419	1	Unknown
				TRBV14*00		TRBJ2-1*00								normal.airr.tsv_B	1	ASSQEVLAGNEQF	420	1	Unknown
				TRBV30*00		TRBJ2-1*00								normal.airr.tsv_B	3	ALRGLAGKYNEQF	421	1	Unknown
				TRBV29-1*00		TRBJ2-1*00								normal.airr.tsv_B	1	SAAQLGEQF	422	1	Unknown
				TRBV7-3*00		TRBJ1-2*00								normal.airr.tsv_B	4	ASSPEGNYGYT	423	1	CMV
				TRBV19*00		TRBJ1-6*00								normal.airr.tsv_B	2	ASSIANSPLH	424	1	Unknown
				TRBV28*00		TRBJ1-5*00								normal.airr.tsv_B	6	ASSLSGSNQPQH	425	1	Multiple Epitopes
				TRBV5-1*00		TRBJ1-1*00								normal.airr.tsv_B	2	ASSLTGNTEAF	426	1	Multiple Epitopes
				TRBV13*00		TRBJ1-2*00								normal.airr.tsv_B	1	ASSLGTGNYGYT	427	1	EBV
				TRBV4-3*00		TRBJ2-5*00								normal.airr.tsv_B	1	ASSPSGSGGKETQY	428	1	Unknown
				TRBV7-2*00		TRBJ1-3*00								normal.airr.tsv_B	1	ASSSPPGLENTIY	429	1	Unknown
				TRBV29-1*00		TRBJ1-2*00								normal.airr.tsv_B	1	SVERVYGYT	430	1	Unknown
				TRBV12-3*00		TRBJ2-1*00								normal.airr.tsv_B	1	ASSLRSTNEQF	431	1	Other
				TRBV29-1*00		TRBJ2-1*00								normal.airr.tsv_B	1	SVPHGGYNEQF	432	1	Unknown
				TRBV5-1*00		TRBJ1-1*00								normal.airr.tsv_B	1	ASSPWTGLGTEAF	433	1	Unknown
				TRBV5-5*00		TRBJ1-4*00								normal.airr.tsv_B	1	ASSRRFREPNEKLF	434	1	Unknown
				TRBV29-1*00		TRBJ1-1*00								normal.airr.tsv_B	1	SVEPLGGSAEAF	435	1	Unknown
				TRBV24-1*00		TRBJ1-5*00								normal.airr.tsv_B	1	ATSNPGQPQH	436	1	Unknown
				TRBV4-2*00		TRBJ2-1*00								normal.airr.tsv_B	1	ASSQTRHRGGNNEQF	437	1	Unknown
				TRBV15*00		TRBJ2-7*00								normal.airr.tsv_B	1	ATSRDRGPLAEQY	438	1	Unknown
				TRBV5-1*00		TRBJ2-7*00								normal.airr.tsv_B	1	ASSWTSDLGISYEQY	439	1	Unknown
				TRBV7-8*00		TRBJ2-3*00								normal.airr.tsv_B	1	ASSSFKERGKDTQY	440	1	Unknown
				TRBV11-2*00		TRBJ1-1*00								normal.airr.tsv_B	1	ASSLAERRPPTNTEAF	441	1	Unknown
				TRBV11-1*00		TRBJ1-1*00								normal.airr.tsv_B	1	SSTGLDRQNPEAF	442	1	Unknown
				TRBV11-2*00		TRBJ2-1*00								normal.airr.tsv_B	1	ASSIATGLAGNNEQF	443	1	Unknown
				TRBV6-2*00		TRBJ1-1*00								normal.airr.tsv_B	1	ASTRDRRAF	444	1	Unknown
				TRBV7-2*00		TRBJ2-3*00								normal.airr.tsv_B	1	ASSLFTDTQY	445	1	Multiple Epitopes
				TRBV23-1*00		TRBJ2-1*00								normal.airr.tsv_B	1	ASRGGGFLIEQF	446	1	Unknown
				TRBV2*00		TRBJ2-2*00								normal.airr.tsv_B	1	ASSEESDTGELF	447	1	Unknown
				TRBV4-1*00		TRBJ2-5*00								normal.airr.tsv_B	2	ASSQAEGGDQETQY	448	1	Unknown
				TRBV9*00		TRBJ2-6*00								normal.airr.tsv_B	2	ASSVGLSSGRSGANVLT	449	1	Unknown
				TRBV4-2*00		TRBJ2-7*00								normal.airr.tsv_B	2	ASSQAGGRDEQY	450	1	Unknown
				TRBV30*00		TRBJ2-1*00								normal.airr.tsv_B	1	ALVLAGVFDSYNEQF	451	1	Unknown
				TRBV12-4*00		TRBJ1-1*00								normal.airr.tsv_B	1	ASSLAGGNTEAF	452	1	SARS-CoV2
				TRBV5-1*00		TRBJ1-2*00								normal.airr.tsv_B	1	ASSLGGRNGYT	453	1	Unknown
				TRBV30*00		TRBJ1-1*00								normal.airr.tsv_B	1	ACSEFNTEAF	454	1	Unknown
				TRBV5-1*00		TRBJ1-1*00								normal.airr.tsv_B	1	ASSWGTYTNTEAF	455	1	Unknown
				TRBV2*00		TRBJ1-3*00								normal.airr.tsv_B	1	ASNLDGGNTIY	456	1	Unknown
				TRBV6-1*00		TRBJ1-1*00								normal.airr.tsv_B	1	ASRSTVNTEAF	457	1	CMV
				TRBV20-1*00		TRBJ1-2*00								normal.airr.tsv_B	1	SARVGQAHGYT	458	1	Unknown
				TRBV4-1*00		TRBJ2-7*00								normal.airr.tsv_B	1	ASSQGLAGVYEQY	459	1	SARS-CoV2
				TRBV7-2*00		TRBJ2-1*00								normal.airr.tsv_B	1	ASSYGQAYNEQF	460	1	Unknown
				TRBV2*00		TRBJ2-2*00								normal.airr.tsv_B	2	ASSEARENTGELF	461	1	Unknown
				TRBV11-1*00		TRBJ1-1*00								normal.airr.tsv_B	1	ASSLEGLNTEAF	462	1	Multiple Epitopes
				TRBV7-9*00		TRBJ1-1*00								normal.airr.tsv_B	1	ASSLEGLNTEAF	463	1	Multiple Epitopes
				TRBV6-5*00		TRBJ2-7*00								normal.airr.tsv_B	1	ASSYSRTRGSYEQY	464	1	Unknown
				TRBV5-1*00		TRBJ2-7*00								normal.airr.tsv_B	2	ASSLEVRGLGEQY	465	1	Unknown
				TRBV7-6*00		TRBJ1-1*00								normal.airr.tsv_B	4	ASSPLPDRADTEAF	466	1	Unknown
				TRBV14*00		TRBJ2-1*00								normal.airr.tsv_B	1	ASSQGFEQF	467	1	Multiple Epitopes
				TRBV5-1*00		TRBJ1-1*00								normal.airr.tsv_B	1	ASSNGQGMVDTEAF	468	1	Unknown
				TRBV4-1*00		TRBJ2-1*00								normal.airr.tsv_B	2	ASSQGTSVINEQF	469	1	Unknown
