sequence_id	sequence	rev_comp	productive	v_call	d_call	j_call	sequence_alignment	germline_alignment	junction	junction_aa	v_cigar	d_cigar	j_cigar	repertoire_id	duplicate_count	#cluster_no	cluster_size	epitope
				TRDV1*00		TRDJ1*00				CALGDLTVGDTWYYTDKLIF				D4493Blood.airr.tsv_D	1705	1	8	Unknown
				TRDV1*00		TRDJ1*00				CDLGDLTVGDTWYYTDKLIF				D4493Blood.airr.tsv_D	1	1	8	Unknown
				TRDV1*00		TRDJ1*00				CTLGDLTVGDTWYYTDKLIF				D4493Blood.airr.tsv_D	1	1	8	Unknown
				TRDV1*00		TRDJ1*00				CALEDLTVGDTWYYTDKLIF				D4493Blood.airr.tsv_D	1	1	8	Unknown
				TRDV1*00		TRDJ1*00				CALGVLTVGDTWYYTDKLIF				D4493Blood.airr.tsv_D	1	1	8	Unknown
				TRDV1*00		TRDJ1*00				CALGDPTVGDTWYYTDKLIF				D4493Blood.airr.tsv_D	6	1	8	Unknown
				TRDV1*00		TRDJ1*00				CALGDLTVGGTWYYTDKLIF				D4493Blood.airr.tsv_D	6	1	8	Unknown
				TRDV1*00		TRDJ1*00				CALGDLTVGDIWYYTDKLIF				D4493Blood.airr.tsv_D	1	1	8	Unknown
				TRDV2*00		TRDJ1*00				CACDALGAFTDKLIF				D4493Blood.airr.tsv_D	1229	2	6	Unknown
				TRDV2*00		TRDJ1*00				CACGALGAFTDKLIF				D4493Blood.airr.tsv_D	4	2	6	Unknown
				TRDV2*00		TRDJ1*00				CACDALGDFTDKLIF				D4493Blood.airr.tsv_D	1	2	6	Unknown
				TRDV2*00		TRDJ1*00				CACDALGAFTDELIF				D4493Blood.airr.tsv_D	4	2	6	Unknown
				TRDV2*00		TRDJ1*00				CACDALGAFTDRLIF				D4493Blood.airr.tsv_D	1	2	6	Unknown
				TRDV2*00		TRDJ1*00				CACDALGAFTDKPIF				D4493Blood.airr.tsv_D	1	2	6	Unknown
				TRDV1*00		TRDJ1*00				CALGVHYHEGYYGGTSSRELIF				D4493Blood.airr.tsv_D	1051	3	5	Unknown
				TRDV1*00		TRDJ1*00				CALGIHYHEGYYGGTSSRELIF				D4493Blood.airr.tsv_D	1	3	5	Unknown
				TRDV1*00		TRDJ1*00				CALGVHYHGGYYGGTSSRELIF				D4493Blood.airr.tsv_D	1	3	5	Unknown
				TRDV1*00		TRDJ1*00				CALGVHYHEGYYRGTSSRELIF				D4493Blood.airr.tsv_D	1	3	5	Unknown
				TRDV1*00		TRDJ1*00				CALGVHYHEGYYGGTSSRELVF				D4493Blood.airr.tsv_D	4	3	5	Unknown
				TRDV2*00		TRDJ3*00				CACDTVLGDTHSWDTRQMFF				D4493TIL.airr.tsv_D	1	4	3	Unknown
				TRDV2*00		TRDJ3*00				CACDTVLGDTHSWDTRQMFF				D4493Blood.airr.tsv_D	3	4	3	Unknown
				TRDV2*00		TRDJ3*00				CACDKVLGDTHSWDTRQMFF				D4493Blood.airr.tsv_D	1	4	3	Unknown
				TRDV1*00		TRDJ2*00				CALGEPPTYYGGRAAQLFF				D4493Blood.airr.tsv_D	378	5	3	Unknown
				TRDV1*00		TRDJ2*00				CALGEPPTYYGGRATQLFF				D4493Blood.airr.tsv_D	2	5	3	Unknown
				TRDV1*00		TRDJ2*00				CALGEPPTYYGGRAAQPFF				D4493Blood.airr.tsv_D	2	5	3	Unknown
				TRDV2*00		TRDJ1*00				CACDALLGPAADKLIF				D4493Blood.airr.tsv_D	53	6	3	Unknown
				TRDV2*00		TRDJ1*00				CACDAPLGPAADKLIF				D4493Blood.airr.tsv_D	1	6	3	Unknown
				TRDV2*00		TRDJ1*00				CACDALLGPAADKLTF				D4493Blood.airr.tsv_D	1	6	3	Unknown
				TRDV3*00		TRDJ1*00				CAFNLGAAGGNKLIF				D4493TIL.airr.tsv_D	3	7	2	Unknown
				TRDV3*00		TRDJ1*00				CAFNLGAAGGNKLIF				D4493Blood.airr.tsv_D	8	7	2	Unknown
				TRDV2*00		TRDJ1*00				CACDTVGGTDKLIF				D4493TIL.airr.tsv_D	1	8	2	Unknown
				TRDV2*00		TRDJ1*00				CACDTVGGNDKLIF				D4493Blood.airr.tsv_D	1	8	2	Unknown
				TRDV2*00		TRDJ1*00				CACDTAFGESTDKLIF				D4493Blood.airr.tsv_D	28	9	2	Unknown
				TRDV2*00		TRDJ1*00				CACDTTFGESTDKLIF				D4493Blood.airr.tsv_D	1	9	2	Unknown
				TRDV1*00		TRDJ1*00				CALGRRFPTLYWGIHTDKLIF				D4493Blood.airr.tsv_D	19	10	2	Unknown
				TRDV1*00		TRDJ1*00				CALGRRFPTLYWGIHTDKFIF				D4493Blood.airr.tsv_D	1	10	2	Unknown
				TRDV2*00		TRDJ3*00				CACDILGDTLDGSTWDTRQMFF				D4493Blood.airr.tsv_D	12	11	2	Unknown
				TRDV2*00		TRDJ3*00				CACDILGDTLDGSTWDTQQMFF				D4493Blood.airr.tsv_D	1	11	2	Unknown
				TRDV2*00		TRDJ1*00				CACDTLPTHQGATDKLIF				D4493Blood.airr.tsv_D	8	12	2	Unknown
				TRDV2*00		TRDJ1*00				CACDTLPTHRGATDKLIF				D4493Blood.airr.tsv_D	1	12	2	Unknown
				TRDV2*00		TRDJ1*00				CACDTVVVVSGGSKLIF				D4493Blood.airr.tsv_D	1	13	2	Unknown
				TRDV2*00		TRDJ1*00				CACDTVMVVSGGSKLIF				D4493Blood.airr.tsv_D	1	13	2	Unknown
				TRDV2*00		TRDJ1*00				CACDYVLGVGDKLIF				D4493TIL.airr.tsv_D	3	14	1	Unknown
				TRDV1*00		TRDJ1*00				CALGEPYFLRTYFDTDKLIF				D4493TIL.airr.tsv_D	3	15	1	Unknown
				TRDV2*00		TRDJ1*00				CACDTVSRLGATYTDKLIF				D4493Blood.airr.tsv_D	27	16	1	Unknown
				TRDV2*00		TRDJ2*00				CACDPVLGDALTAQLFF				D4493Blood.airr.tsv_D	24	17	1	Unknown
				TRDV1*00		TRDJ1*00				CALGAVAFLRYWGSDKLIF				D4493Blood.airr.tsv_D	19	18	1	Unknown
				TRDV2*00		TRDJ2*00				CACDPLGDRVRGTAQLFF				D4493Blood.airr.tsv_D	24	19	1	Unknown
				TRDV2*00		TRDJ1*00				CACDTVLGGKPTVYTDKLIF				D4493Blood.airr.tsv_D	14	20	1	Unknown
				TRDV2*00		TRDJ3*00				CACDTAGGGYSWDTRQMFF				D4493Blood.airr.tsv_D	14	21	1	Unknown
				TRDV2*00		TRDJ1*00				CACDTISGGYARSDKLIF				D4493Blood.airr.tsv_D	18	22	1	Unknown
				TRDV2*00		TRDJ1*00				CACDALESTGGRTDKLIF				D4493Blood.airr.tsv_D	10	23	1	Unknown
				TRDV2*00		TRDJ1*00				CACDFLGDTTDKLIF				D4493Blood.airr.tsv_D	10	24	1	Unknown
				TRDV2*00		TRDJ1*00				CACDAVLGDTRSSDKLIF				D4493Blood.airr.tsv_D	9	25	1	Unknown
				TRDV1*00		TRDJ1*00				CALGELRPSVYTDKLIF				D4493Blood.airr.tsv_D	11	26	1	Unknown
				TRDV1*00		TRDJ1*00				CALGGVFLYWGIRRVSDKLIF				D4493Blood.airr.tsv_D	9	27	1	Unknown
				TRDV2*00		TRDJ3*00				CACDTGNLLGASSWDTRQMFF				D4493Blood.airr.tsv_D	7	28	1	Unknown
				TRDV2*00		TRDJ1*00				CACDTLPTVGDAYTDKLIF				D4493Blood.airr.tsv_D	7	29	1	Unknown
				TRDV2*00		TRDJ1*00				CACDTAGLGWSRRSDTDKLIF				D4493Blood.airr.tsv_D	7	30	1	Unknown
				TRDV2*00		TRDJ1*00				CACDALNRPPGLGKGTDKLIF				D4493Blood.airr.tsv_D	6	31	1	Unknown
				TRDV3*00		TRDJ1*00				CAFGTIPLITDKLIF				D4493Blood.airr.tsv_D	6	32	1	Unknown
				TRDV2*00		TRDJ1*00				CACDTVPGEDTVTDKLIF				D4493Blood.airr.tsv_D	5	33	1	Unknown
				TRDV2*00		TRDJ3*00				CACDSVLGDPSWDTRQMFF				D4493Blood.airr.tsv_D	4	34	1	Unknown
				TRDV2*00		TRDJ1*00				CACDKVGLGDTSGDKLIF				D4493Blood.airr.tsv_D	5	35	1	Unknown
				TRDV2*00		TRDJ3*00				CACDTAGGSWDTRQMFF				D4493Blood.airr.tsv_D	6	36	1	Unknown
				TRDV2*00		TRDJ1*00				CACDSIPSGGPSYTDKLIF				D4493Blood.airr.tsv_D	3	37	1	Unknown
				TRDV2*00		TRDJ2*00				CACDTVGPRLTAQLFF				D4493Blood.airr.tsv_D	5	38	1	Unknown
				TRDV1*00		TRDJ1*00				CALGVLRFSLIGNTDKLIF				D4493Blood.airr.tsv_D	3	39	1	Unknown
				TRDV2*00		TRDJ1*00				CACDPLGGKNTDKLIF				D4493Blood.airr.tsv_D	5	40	1	Unknown
				TRDV1*00		TRDJ1*00				CALGERSGVGSLPHTYWGIREYTDKLIF				D4493Blood.airr.tsv_D	4	41	1	Unknown
				TRDV2*00		TRDJ3*00				CACDTAGDTTWDTRQMFF				D4493Blood.airr.tsv_D	2	42	1	Unknown
				TRDV2*00		TRDJ1*00				CACDTVQGLGDKLIF				D4493Blood.airr.tsv_D	4	43	1	Unknown
				TRDV2*00		TRDJ1*00				CACDTLLMLGAHTDKLIF				D4493Blood.airr.tsv_D	4	44	1	Unknown
				TRDV2*00		TRDJ1*00				CACDTVEVGDQYTDKLIF				D4493Blood.airr.tsv_D	3	45	1	Unknown
				TRDV2*00		TRDJ1*00				CACDTVGVLGDTRGSTDKLIF				D4493Blood.airr.tsv_D	2	46	1	Unknown
				TRDV2*00		TRDJ1*00				CACDTLQLGDNTDKLIF				D4493Blood.airr.tsv_D	5	47	1	Unknown
				TRDV1*00		TRDJ1*00				CALGELEPSYLYWGIDTDKLIF				D4493Blood.airr.tsv_D	4	48	1	Unknown
				TRDV2*00		TRDJ3*00				CACDTVVTSLTGDLSWDTRQMFF				D4493Blood.airr.tsv_D	2	49	1	Unknown
				TRDV2*00		TRDJ1*00				CACDTISSWDTRELIF				D4493Blood.airr.tsv_D	2	50	1	Unknown
				TRDV2*00		TRDJ1*00				CACDSLTGGYEHTDKLIF				D4493Blood.airr.tsv_D	1	51	1	Unknown
				TRDV2*00		TRDJ1*00				CACDSLNRGIRHDKLIF				D4493Blood.airr.tsv_D	3	52	1	Unknown
				TRDV2*00		TRDJ1*00				CACDILGSGDDKLIF				D4493Blood.airr.tsv_D	2	53	1	Unknown
				TRDV2*00		TRDJ1*00				CACDTVSRTGTNRAYKLIF				D4493Blood.airr.tsv_D	2	54	1	Unknown
				TRDV2*00		TRDJ1*00				CACDTVAGGYAETDKLIF				D4493Blood.airr.tsv_D	2	55	1	Unknown
				TRDV2*00		TRDJ3*00				CACDALLGDTPPTISSWDTRQMFF				D4493Blood.airr.tsv_D	3	56	1	Unknown
				TRDV2*00		TRDJ1*00				CACDTVPWGVTGGSDKLIF				D4493Blood.airr.tsv_D	3	57	1	Unknown
				TRDV2*00		TRDJ1*00				CACDALNKIRADKLIF				D4493Blood.airr.tsv_D	2	58	1	Unknown
				TRDV2*00		TRDJ1*00				CACDTRGNGYTDKLIF				D4493Blood.airr.tsv_D	2	59	1	Unknown
				TRDV1*00		TRDJ1*00				CALGETNFLTKYWGIRASYTDKLIF				D4493Blood.airr.tsv_D	2	60	1	Unknown
				TRDV2*00		TRDJ1*00				CACAVRPYWGPFTFTDKLIF				D4493Blood.airr.tsv_D	4	61	1	Unknown
				TRDV2*00		TRDJ1*00				CACESLGDTADKLIF				D4493Blood.airr.tsv_D	3	62	1	Unknown
				TRDV2*00		TRDJ1*00				CACDKLLGDLSRDKLIF				D4493Blood.airr.tsv_D	2	63	1	Unknown
				TRDV2*00		TRDJ1*00				CACDTLEGDTPRGTDKLIF				D4493Blood.airr.tsv_D	1	64	1	Unknown
				TRDV3*00		TRDJ1*00				CATTPAGSYWGIPDLITDKLIF				D4493Blood.airr.tsv_D	1	65	1	Unknown
				TRDV2*00		TRDJ2*00				CACDRVGDSLTAQLFF				D4493Blood.airr.tsv_D	4	66	1	Unknown
				TRDV2*00		TRDJ1*00				CACDVLGTHDKLIF				D4493Blood.airr.tsv_D	2	67	1	Unknown
				TRDV2*00		TRDJ1*00				CACDGLGSLRSDKLIF				D4493Blood.airr.tsv_D	2	68	1	Unknown
				TRDV2*00		TRDJ3*00				CACDTMAGGYGTSWDTRQMFF				D4493Blood.airr.tsv_D	2	69	1	Unknown
				TRDV1*00		TRDJ1*00				CALGYSGGLIGGLYTDKLIF				D4493Blood.airr.tsv_D	2	70	1	Unknown
				TRDV2*00		TRDJ1*00				CACDPVLGGLAYTDKLIF				D4493Blood.airr.tsv_D	1	71	1	Unknown
				TRDV2*00		TRDJ1*00				CACDLLGDTPTTDKLIF				D4493Blood.airr.tsv_D	3	72	1	Unknown
				TRDV2*00		TRDJ1*00				CACDTMRLGAHPHTDKLIF				D4493Blood.airr.tsv_D	3	73	1	Unknown
				TRDV3*00		TRDJ1*00				CASTYEWYWGPWYTDKLIF				D4493Blood.airr.tsv_D	3	74	1	Unknown
				TRDV2*00		TRDJ3*00				CACDPAVLGDLSWDTRQMFF				D4493Blood.airr.tsv_D	2	75	1	Unknown
				TRDV2*00		TRDJ1*00				CACDNLLGDTYTDKLIF				D4493Blood.airr.tsv_D	2	76	1	Unknown
				TRDV1*00		TRDJ1*00				CALGDMKAFLFRYWGIRGTDKLIF				D4493Blood.airr.tsv_D	2	77	1	Unknown
				TRDV2*00		TRDJ1*00				CACDVLLGDTASTDKLIF				D4493Blood.airr.tsv_D	1	78	1	Unknown
				TRDV2*00		TRDJ1*00				CACDTVAGASQYTDKLIF				D4493Blood.airr.tsv_D	1	79	1	Unknown
				TRDV1*00		TRDJ1*00				CALGEFGYACRGYWATDKLIF				D4493Blood.airr.tsv_D	1	80	1	Unknown
				TRDV2*00		TRDJ3*00				CACDTVDRSWGSSWDTRQMFF				D4493Blood.airr.tsv_D	3	81	1	Unknown
				TRDV3*00		TRDJ2*00				CAPVLGDTPALTAQLFF				D4493Blood.airr.tsv_D	3	82	1	Unknown
				TRDV2*00		TRDJ1*00				CACDPLASISTGGYSGRTDKLIF				D4493Blood.airr.tsv_D	2	83	1	Unknown
				TRDV2*00		TRDJ1*00				CACDTAGVRGDKLIF				D4493Blood.airr.tsv_D	2	84	1	Unknown
				TRDV2*00		TRDJ1*00				CACDTLILGDAYTDKLIF				D4493Blood.airr.tsv_D	2	85	1	Unknown
				TRDV1*00		TRDJ1*00				CALGELHPSLGELNTDKLIF				D4493Blood.airr.tsv_D	2	86	1	Unknown
				TRDV1*00		TRDJ1*00				CALGELAGGLGDTAYTDKLIF				D4493Blood.airr.tsv_D	2	87	1	Unknown
				TRDV2*00		TRDJ1*00				CACDSVGDEPDKLIF				D4493Blood.airr.tsv_D	1	88	1	Unknown
				TRDV2*00		TRDJ1*00				CACDSLKGTGDTNDKLIF				D4493Blood.airr.tsv_D	1	89	1	Unknown
				TRDV2*00		TRDJ1*00				CACDDPWGISGNTDKLIF				D4493Blood.airr.tsv_D	1	90	1	Unknown
				TRDV2*00		TRDJ3*00				CACDMLWEKSSSWDTRQMFF				D4493Blood.airr.tsv_D	1	91	1	Unknown
				TRDV2*00		TRDJ1*00				CACDTLMGDRYTDKLIF				D4493Blood.airr.tsv_D	1	92	1	Unknown
				TRDV2*00		TRDJ1*00				CACDTVTFMGPKGSPDKLIF				D4493Blood.airr.tsv_D	1	93	1	Unknown
				TRDV2*00		TRDJ1*00				CACDTAVLGDTLAVRSDKLIF				D4493Blood.airr.tsv_D	1	94	1	Unknown
				TRDV2*00		TRDJ1*00				CACDSVTPKLIF				D4493Blood.airr.tsv_D	1	95	1	Unknown
				TRDV1*00		TRDJ1*00				CALGVKKGGPQLIF				D4493Blood.airr.tsv_D	1	96	1	Unknown
				TRDV1*00		TRDJ1*00				CALGEPPTCWGGFRLHKLIF				D4493Blood.airr.tsv_D	1	97	1	Unknown
				TRDV1*00		TRDJ1*00				CALGEPLPRWGYTDKLIF				D4493Blood.airr.tsv_D	1	98	1	Unknown
				TRDV2*00		TRDJ1*00				CACDILGPRGELIF				D4493Blood.airr.tsv_D	2	99	1	Unknown
				TRDV2*00		TRDJ1*00				CACDTVLGVNRKYTDKLIF				D4493Blood.airr.tsv_D	2	100	1	Unknown
				TRDV2*00		TRDJ1*00				CACDTVVLGSRSDYTDKLIF				D4493Blood.airr.tsv_D	2	101	1	Unknown
				TRDV1*00		TRDJ1*00				CALPGGPTAGGLPPDKLIF				D4493Blood.airr.tsv_D	2	102	1	Unknown
				TRDV2*00		TRDJ1*00				CACDSIVLGDTGRNKLIF				D4493Blood.airr.tsv_D	1	103	1	Unknown
				TRDV2*00		TRDJ1*00				CACDPLGDEPNTDKLIF				D4493Blood.airr.tsv_D	1	104	1	Unknown
				TRDV2*00		TRDJ1*00				CACDPLSYGGLKGIRGPDKLIF				D4493Blood.airr.tsv_D	1	105	1	Unknown
				TRDV2*00		TRDJ1*00				CACDRTGPYTDKLIF				D4493Blood.airr.tsv_D	1	106	1	Unknown
				TRDV2*00		TRDJ1*00				CACDAWGKSDKLIF				D4493Blood.airr.tsv_D	1	107	1	Unknown
				TRDV2*00		TRDJ3*00				CACDEETGGPNTWDTRQMFF				D4493Blood.airr.tsv_D	1	108	1	Unknown
				TRDV2*00		TRDJ3*00				CACDTLPPGQSSWDTRQMFF				D4493Blood.airr.tsv_D	1	109	1	Unknown
				TRDV2*00		TRDJ1*00				CACDTLILGDTVPTDKLIF				D4493Blood.airr.tsv_D	1	110	1	Unknown
				TRDV2*00		TRDJ1*00				CACDTLGLRMVLGDKTDKLIF				D4493Blood.airr.tsv_D	1	111	1	Unknown
				TRDV2*00		TRDJ1*00				CACDTVPTGGALQGKLIF				D4493Blood.airr.tsv_D	1	112	1	Unknown
				TRDV2*00		TRDJ1*00				CACDTVDQRRDKLIF				D4493Blood.airr.tsv_D	1	113	1	Unknown
				TRDV3*00		TRDJ1*00				CAFRRPPTDWGPTGPYTDKLIF				D4493Blood.airr.tsv_D	1	114	1	Unknown
				TRDV3*00		TRDJ1*00				CASSKAFSYAQLGKWKLIF				D4493Blood.airr.tsv_D	1	115	1	Unknown
				TRDV1*00		TRDJ1*00				CALGPWPHSYFVVWGPQTDKLIF				D4493Blood.airr.tsv_D	3	116	1	Unknown
				TRDV1*00		TRDJ1*00				CALGELVDPTGTTGVTYTDKLIF				D4493Blood.airr.tsv_D	1	117	1	Unknown
				TRDV1*00		TRDJ1*00				CALGEPPFPDTGTDKLIF				D4493Blood.airr.tsv_D	1	118	1	Unknown
				TRDV1*00		TRDJ1*00				CALGKIRLRTGGILGDKLIF				D4493Blood.airr.tsv_D	1	119	1	Unknown
				TRDV2*00		TRDJ3*00				CACDAVEGLGDPSSWDTRQMFF				D4493Blood.airr.tsv_D	2	120	1	Unknown
				TRDV2*00		TRDJ2*00				CACDTVALGDTLRQDAQLFF				D4493Blood.airr.tsv_D	2	121	1	Unknown
				TRDV2*00		TRDJ3*00				CACDTLLGDTQLSWDTRQMFF				D4493Blood.airr.tsv_D	2	122	1	Unknown
				TRDV1*00		TRDJ1*00				CALGELEAYVRGLYF				D4493Blood.airr.tsv_D	2	123	1	Unknown
				TRDV2*00		TRDJ3*00				CACDPLSVLGDTTPNASAPWDTRQMFF				D4493Blood.airr.tsv_D	1	124	1	Unknown
				TRDV2*00		TRDJ1*00				CACDLLGDTHTDKLIF				D4493Blood.airr.tsv_D	1	125	1	Unknown
				TRDV2*00		TRDJ3*00				CACDALGDSSSWDTRQMFF				D4493Blood.airr.tsv_D	1	126	1	Unknown
				TRDV2*00		TRDJ4*00				CACDGVLGDTKPLIF				D4493Blood.airr.tsv_D	1	127	1	Unknown
				TRDV2*00		TRDJ1*00				CACDGLGDFGGRNTDKLIF				D4493Blood.airr.tsv_D	1	128	1	Unknown
				TRDV2*00		TRDJ1*00				CACDTLAYRGVLGDTSDKLIF				D4493Blood.airr.tsv_D	1	129	1	Unknown
				TRDV2*00		TRDJ1*00				CACDTVPGVTPSPNGTDKLIF				D4493Blood.airr.tsv_D	1	130	1	Unknown
				TRDV2*00		TRDJ1*00				CACDTVMSQSSGGFATDKLIF				D4493Blood.airr.tsv_D	1	131	1	Unknown
				TRDV2*00		TRDJ1*00				CACDTVMYTDKLIF				D4493Blood.airr.tsv_D	1	132	1	Unknown
				TRDV2*00		TRDJ1*00				CACDTVSRSGGLLVVTDKLIF				D4493Blood.airr.tsv_D	1	133	1	Unknown
				TRDV2*00		TRDJ1*00				CACDTVVLGDTPDRGPDKLIF				D4493Blood.airr.tsv_D	1	134	1	Unknown
				TRDV2*00		TRDJ3*00				CACDTVGLGDTLASHSWDTRQMFF				D4493Blood.airr.tsv_D	1	135	1	Unknown
				TRDV2*00		TRDJ3*00				CACDTTFITGGQISWDTRQMFF				D4493Blood.airr.tsv_D	1	136	1	Unknown
				TRDV2*00		TRDJ1*00				CACDTMPTGDIRPSASETDKLIF				D4493Blood.airr.tsv_D	1	137	1	Unknown
				TRDV2*00		TRDJ1*00				CACDRLGTSPYTDKLIF				D4493Blood.airr.tsv_D	1	138	1	Unknown
				TRDV2*00		TRDJ1*00				CACDKVGRGTDKLIF				D4493Blood.airr.tsv_D	3	139	1	Unknown
				TRDV2*00		TRDJ3*00				CACDKAPLGDTGQGTWDTRQMFF				D4493Blood.airr.tsv_D	1	140	1	Unknown
				TRDV3*00		TRDJ1*00				CAFILLRWGIRRTDKLIF				D4493Blood.airr.tsv_D	1	141	1	Unknown
				TRDV3*00		TRDJ1*00				CASLPESCTDCTGGHHTDKLIF				D4493Blood.airr.tsv_D	1	142	1	Unknown
				TRDV1*00		TRDJ1*00				CALGETIPTYWGIQTTDKLIF				D4493Blood.airr.tsv_D	1	143	1	Unknown
				TRDV1*00		TRDJ1*00				CALGSSSYLVRTDKLIF				D4493Blood.airr.tsv_D	1	144	1	Unknown
				TRDV1*00		TRDJ1*00				CALGLNWGRDKLIF				D4493Blood.airr.tsv_D	3	145	1	Unknown
				TRDV2*00		TRDJ1*00				CACDPLSLRSGHTDKLIF				D4493Blood.airr.tsv_D	2	146	1	Unknown
				TRDV2*00		TRDJ1*00				CACDTFGLQNRGDPYTDKLIF				D4493Blood.airr.tsv_D	1	147	1	Unknown
				TRDV2*00		TRDJ3*00				CACDTVTEGRAGNSWDTRQMFF				D4493Blood.airr.tsv_D	1	148	1	Unknown
				TRDV2*00		TRDJ1*00				CACDTVQSRDWGINTDKLIF				D4493Blood.airr.tsv_D	1	149	1	Unknown
				TRDV2*00		TRDJ3*00				CACDTLLGDTFSWDTRQMFF				D4493Blood.airr.tsv_D	1	150	1	Unknown
				TRDV2*00		TRDJ1*00				CACDRILGDRELIF				D4493Blood.airr.tsv_D	1	151	1	Unknown
				TRDV2*00		TRDJ1*00				CACDALGEYTDKLIF				D4493Blood.airr.tsv_D	1	152	1	Unknown
				TRDV2*00		TRDJ1*00				CACDLLPAVIGGYEYTDKLIF				D4493Blood.airr.tsv_D	1	153	1	Unknown
				TRDV2*00		TRDJ1*00				CACDPVLGDSQQKNTDKLIF				D4493Blood.airr.tsv_D	1	154	1	Unknown
				TRDV2*00		TRDJ1*00				CACDVVHLGDTGPDKLIF				D4493Blood.airr.tsv_D	1	155	1	Unknown
				TRDV2*00		TRDJ1*00				CACDGVGGQTPKLIF				D4493Blood.airr.tsv_D	1	156	1	Unknown
				TRDV2*00		TRDJ1*00				CACDTLPERGYDGYTDKLIF				D4493Blood.airr.tsv_D	1	157	1	Unknown
				TRDV2*00		TRDJ1*00				CACDTLTHTDKLIF				D4493Blood.airr.tsv_D	1	158	1	Unknown
				TRDV2*00		TRDJ1*00				CACDTVGGSRLNTDKLIF				D4493Blood.airr.tsv_D	1	159	1	Unknown
				TRDV2*00		TRDJ3*00				CACDTVGDTSSWDTRQMFF				D4493Blood.airr.tsv_D	1	160	1	Unknown
				TRDV2*00		TRDJ1*00				CACDTVGLGDSHTDKLIF				D4493Blood.airr.tsv_D	1	161	1	Unknown
				TRDV2*00		TRDJ3*00				CACDTGSGGLSWDTRQMFF				D4493Blood.airr.tsv_D	1	162	1	Unknown
				TRDV2*00		TRDJ1*00				CACDTDWILPDKLIF				D4493Blood.airr.tsv_D	1	163	1	Unknown
				TRDV2*00		TRDJ1*00				CACDTISQLQDNGGYLLLIF				D4493Blood.airr.tsv_D	1	164	1	Unknown
				TRDV2*00		TRDJ1*00				CACDTVNWGIGNTDKLIF				D4493Blood.airr.tsv_D	1	165	1	Unknown
				TRDV2*00		TRDJ1*00				CACDTLSPSDLLGDKVTDKLIF				D4493Blood.airr.tsv_D	1	166	1	Unknown
				TRDV2*00		TRDJ1*00				CACDTLPPVLGEERYTDKLIF				D4493Blood.airr.tsv_D	1	167	1	Unknown
				TRDV2*00		TRDJ1*00				CAVFPLLGDSSTDKLIF				D4493Blood.airr.tsv_D	1	168	1	Unknown
				TRDV2*00		TRDJ1*00				CACDTVGGLGDTAYTDKLIF				D4493Blood.airr.tsv_D	1	169	1	Unknown
				TRDV3*00		TRDJ1*00				CAFTGGYGTDKLIF				D4493Blood.airr.tsv_D	1	170	1	Unknown
				TRDV1*00		TRDJ1*00				CALGAGDTPRPVGGHQGKLIF				D4493Blood.airr.tsv_D	1	171	1	Unknown
				TRDV1*00		TRDJ1*00				CALGGYYTPGGLGDRAYECTDKLIF				D4493Blood.airr.tsv_D	1	172	1	Unknown
				TRDV1*00		TRDJ1*00				CALGELRFFRLPLAMYTDKLIF				D4493Blood.airr.tsv_D	1	173	1	Unknown
				TRDV1*00		TRDJ1*00				CALGEPLLPTVIVPRGRYTDKLIF				D4493Blood.airr.tsv_D	1	174	1	Unknown
				TRDV1*00		TRDJ4*00				CALGEPPHGVGVRFPLPRPLIF				D4493Blood.airr.tsv_D	1	175	1	Unknown
				TRDV1*00		TRDJ1*00				CALGEWDLLGDTDKLIF				D4493Blood.airr.tsv_D	1	176	1	Unknown
				TRDV2*00		TRDJ1*00				CACDTVRLGDLGYTDKLIF				D4493Blood.airr.tsv_D	2	177	1	Unknown
				TRDV2*00		TRDJ1*00				CACDVLGTYTDKLIF				D4493Blood.airr.tsv_D	1	178	1	Unknown
				TRDV2*00		TRDJ3*00				CACDTVVGVRRRDTRQMFF				D4493Blood.airr.tsv_D	1	179	1	Unknown
				TRDV2*00		TRDJ1*00				CACDTVGDLDKLIF				D4493Blood.airr.tsv_D	1	180	1	Unknown
				TRDV2*00		TRDJ1*00				CACDILGDTRIPSRNTDKPIF				D4493Blood.airr.tsv_D	1	181	1	Unknown
				TRDV2*00		TRDJ1*00				CACQQLGDQSKLIF				D4493Blood.airr.tsv_D	1	182	1	Unknown
				TRDV2*00		TRDJ3*00				CACDSTGGAPSSWDTRQMFF				D4493Blood.airr.tsv_D	1	183	1	Unknown
				TRDV2*00		TRDJ3*00				CACDVLGDNGWDTRQMFF				D4493Blood.airr.tsv_D	1	184	1	Unknown
				TRDV2*00		TRDJ3*00				CACDSATTLSWDTRQMFF				D4493Blood.airr.tsv_D	1	185	1	Unknown
				TRDV2*00		TRDJ1*00				CACDYLPHQRDKGTVTDKLIF				D4493Blood.airr.tsv_D	1	186	1	Unknown
				TRDV2*00		TRDJ3*00				CACDRPWYWGTSSWDTRQMFF				D4493Blood.airr.tsv_D	1	187	1	Unknown
				TRDV2*00		TRDJ1*00				CACDALTGGHKLIF				D4493Blood.airr.tsv_D	1	188	1	Unknown
				TRDV2*00		TRDJ1*00				CACDTLGIGSVHTDKLIF				D4493Blood.airr.tsv_D	1	189	1	Unknown
				TRDV2*00		TRDJ1*00				CACDTLYSTGGDIHNDKLIF				D4493Blood.airr.tsv_D	1	190	1	Unknown
				TRDV2*00		TRDJ1*00				CACDTVLSTDKLIF				D4493Blood.airr.tsv_D	1	191	1	Unknown
				TRDV2*00		TRDJ1*00				CACDTVGGSGVSDKLIF				D4493Blood.airr.tsv_D	1	192	1	Unknown
				TRDV2*00		TRDJ1*00				CACDTVGGGAPYTDKLIF				D4493Blood.airr.tsv_D	1	193	1	Unknown
				TRDV2*00		TRDJ1*00				CACDTLGDTDKLIF				D4493Blood.airr.tsv_D	3	194	1	Unknown
				TRDV2*00		TRDJ1*00				CACDSLGIGTDKLIF				D4493Blood.airr.tsv_D	1	195	1	Unknown
				TRDV2*00		TRDJ1*00				CACDSGLLVLGDRNLYTDKLIF				D4493Blood.airr.tsv_D	1	196	1	Unknown
				TRDV2*00		TRDJ1*00				CACDRVGTQDPGDKLIF				D4493Blood.airr.tsv_D	1	197	1	Unknown
				TRDV2*00		TRDJ1*00				CACRSSYAGDRSPFEMLYTDKLIF				D4493Blood.airr.tsv_D	1	198	1	Unknown
				TRDV3*00		TRDJ1*00				CASAKWAFLGDKLIF				D4493Blood.airr.tsv_D	1	199	1	Unknown
				TRDV3*00		TRDJ1*00				CASGLANWGIQSTDKLIF				D4493Blood.airr.tsv_D	1	200	1	Unknown
				TRDV3*00		TRDJ1*00				CASQERGTAVDKLIF				D4493Blood.airr.tsv_D	1	201	1	Unknown
				TRDV1*00		TRDJ1*00				CALGVNLPTSDNPTRGSTDKLIF				D4493Blood.airr.tsv_D	1	202	1	Unknown
				TRDV1*00		TRDJ1*00				CALGGNWGILKYTDKLIF				D4493Blood.airr.tsv_D	1	203	1	Unknown
				TRDV1*00		TRDJ1*00				CALGGPSLTLGTFNTDKLIF				D4493Blood.airr.tsv_D	1	204	1	Unknown
				TRDV1*00		TRDJ2*00				CALGELPSYVLVLGDMGPAQLFF				D4493Blood.airr.tsv_D	1	205	1	Unknown
				TRDV1*00		TRDJ1*00				CALGERWLGDPPYRADKLIF				D4493Blood.airr.tsv_D	1	206	1	Unknown
				TRDV1*00		TRDJ1*00				CALGERGTRLWDTDYTDKLIF				D4493Blood.airr.tsv_D	1	207	1	Unknown
				TRDV1*00		TRDJ1*00				CALGEVSRPLRWLTAIILGHDKLIF				D4493Blood.airr.tsv_D	1	208	1	Unknown
				TRDV1*00		TRDJ1*00				CALGEIPKSVTGGYARTDKLIF				D4493Blood.airr.tsv_D	1	209	1	Unknown
				TRDV1*00		TRDJ1*00				CALRILSTPRHTYWGIFYHTDKLIF				D4493Blood.airr.tsv_D	1	210	1	Unknown
				TRDV2*00		TRDJ1*00				CACDPLLRGTGATDKLIF				D4493Blood.airr.tsv_D	1	211	1	Unknown
				TRDV2*00		TRDJ2*00				CACDPIPVLGDMGVLTAQLFF				D4493Blood.airr.tsv_D	1	212	1	Unknown
				TRDV2*00		TRDJ3*00				CACDTVLVNAGSWDTRQMFF				D4493Blood.airr.tsv_D	1	213	1	Unknown
				TRDV2*00		TRDJ1*00				CACDTVGPAFTDKLIF				D4493Blood.airr.tsv_D	1	214	1	Unknown
				TRDV2*00		TRDJ1*00				CACDTVGKVGGTDKLIF				D4493Blood.airr.tsv_D	1	215	1	Unknown
				TRDV2*00		TRDJ1*00				CACDTVTTTGGRETDKLIF				D4493Blood.airr.tsv_D	1	216	1	Unknown
				TRDV2*00		TRDJ3*00				CACDTGWGLTPSFWDTRQMFF				D4493Blood.airr.tsv_D	1	217	1	Unknown
				TRDV2*00		TRDJ3*00				CACDSVRSPSSWDTRQMFF				D4493Blood.airr.tsv_D	1	218	1	Unknown
				TRDV2*00		TRDJ3*00				CACDSADLGTPSWDTRQMFF				D4493Blood.airr.tsv_D	1	219	1	Unknown
				TRDV3*00		TRDJ3*00				CAFILTYWDTSSWDTRQMFF				D4493Blood.airr.tsv_D	1	220	1	Unknown
				TRDV1*00		TRDJ1*00				CALGDLLSSSLTPMGDKLIF				D4493Blood.airr.tsv_D	1	221	1	Unknown
				TRDV1*00		TRDJ1*00				CALGELCTTSTGGYADKLIF				D4493Blood.airr.tsv_D	1	222	1	Unknown
				TRDV1*00		TRDJ2*00				CALGEASYVVSPWGTKPTEAAQLFF				D4493Blood.airr.tsv_D	1	223	1	Unknown
				TRDV1*00		TRDJ1*00				CALGEPLRGWGILFCDKLIF				D4493Blood.airr.tsv_D	1	224	1	Unknown
