sequence_id	sequence	rev_comp	productive	v_call	d_call	j_call	sequence_alignment	germline_alignment	junction	junction_aa	v_cigar	d_cigar	j_cigar	repertoire_id	duplicate_count	#cluster_no	cluster_size	epitope
				TRGV9*00		TRGJP*00				CALWEVHELGKKIKVF				normal.airr.tsv_G	1	1	10	Unknown
				TRGV9*00		TRGJP*00				CALWEVHELGKKIKVF				PDAC.airr.tsv_G	1	1	10	Unknown
				TRGV9*00		TRGJP*00				CALWEVQELGKKIKVF				PDAC.airr.tsv_G	1	1	10	Unknown
				TRGV9*00		TRGJP*00				CALWEVRELGKKIKVF				PDAC.airr.tsv_G	2	1	10	Unknown
				TRGV9*00		TRGJP*00				CALWDVQELGKKIKVF				PDAC.airr.tsv_G	1	1	10	Unknown
				TRGV9*00		TRGJP*00				CALWEPQELGKKIKVF				PDAC.airr.tsv_G	1	1	10	Unknown
				TRGV9*00		TRGJP*00				CALWEVQELDKKIKVF				PDAC.airr.tsv_G	1	1	10	Unknown
				TRGV9*00		TRGJP*00				CALWVQELGKKIKVF				PDAC.airr.tsv_G	1	1	10	Unknown
				TRGV9*00		TRGJP*00				CALWEVTQELGKKIKVF				PDAC.airr.tsv_G	1	1	10	Unknown
				TRGV9*00		TRGJP*00				CALWEPQQLGKKIKVF				normal.airr.tsv_G	1	1	10	Unknown
				TRGV10*00		TRGJ1*00				CAAWDCYKKLF				PDAC.airr.tsv_G	1	2	5	Unknown
				TRGV10*00		TRGJ1*00				CAAWDNYKKLF				PDAC.airr.tsv_G	1	2	5	Unknown
				TRGV10*00		TRGJ1*00				CAAWDPYKKLF				PDAC.airr.tsv_G	1	2	5	Unknown
				TRGV10*00		TRGJ1*00				CAAWDYYKKLF				PDAC.airr.tsv_G	1	2	5	Unknown
				TRGV10*00		TRGJ1*00				CAAWDYRYKKLF				PDAC.airr.tsv_G	1	2	5	Unknown
				TRGV10*00		TRGJ1*00				CAAWDFNYYKKLF				PDAC.airr.tsv_G	1	3	5	Unknown
				TRGV10*00		TRGJ1*00				CAAWDQNYYKKLF				PDAC.airr.tsv_G	1	3	5	Unknown
				TRGV10*00		TRGJ1*00				CAAWDRNYYKKLF				PDAC.airr.tsv_G	1	3	5	Unknown
				TRGV10*00		TRGJ1*00				CAAWDSNYYKKLF				PDAC.airr.tsv_G	1	3	5	Unknown
				TRGV10*00		TRGJ1*00				CAAWARNYYKKLF				PDAC.airr.tsv_G	1	3	5	Unknown
				TRGV4*00		TRGJ1*00				CATWDDYYKKLF				normal.airr.tsv_G	1	4	4	Unknown
				TRGV4*00		TRGJ1*00				CATWDYYKKLF				normal.airr.tsv_G	1	4	4	Unknown
				TRGV4*00		TRGJ1*00				CATWDAYKKLF				PDAC.airr.tsv_G	1	4	4	Unknown
				TRGV4*00		TRGJ1*00				CATWDVYKKLF				PDAC.airr.tsv_G	1	4	4	Unknown
				TRGV2*00		TRGJ1*00				CATWDGNYYKKLF				PDAC.airr.tsv_G	1	5	4	Unknown
				TRGV2*00		TRGJ1*00				CATWDGPYYKKLF				PDAC.airr.tsv_G	1	5	4	Unknown
				TRGV2*00		TRGJ1*00				CATWDGYYYKKLF				PDAC.airr.tsv_G	2	5	4	Unknown
				TRGV2*00		TRGJ1*00				CATWDGPSYYKKLF				PDAC.airr.tsv_G	1	5	4	Unknown
				TRGV9*00		TRGJ1*00				CALWEVQGYYKKLF				normal.airr.tsv_G	1	6	3	Unknown
				TRGV9*00		TRGJ1*00				CALWEVPGYYKKLF				PDAC.airr.tsv_G	1	6	3	Unknown
				TRGV9*00		TRGJ1*00				CALWEVQNYYKKLF				normal.airr.tsv_G	1	6	3	Unknown
				TRGV8*00		TRGJP1*00				CATWDRTTGWFKIF				normal.airr.tsv_G	1	7	2	Unknown
				TRGV8*00		TRGJP1*00				CATWDTTGWFKIF				normal.airr.tsv_G	1	7	2	Unknown
				TRGV9*00		TRGJ1*00				CALWEVQPSNYYKKLF				normal.airr.tsv_G	1	8	2	Unknown
				TRGV9*00		TRGJ1*00				CALWEVPSNYYKKLF				PDAC.airr.tsv_G	1	8	2	Unknown
				TRGV10*00		TRGJ1*00				CAAWVNKNLF				normal.airr.tsv_G	1	9	2	Unknown
				TRGV10*00		TRGJ1*00				CAAWVNKKLF				normal.airr.tsv_G	2	9	2	Unknown
				TRGV4*00		TRGJ1*00				CASWDGLYYKKLF				normal.airr.tsv_G	1	10	2	Unknown
				TRGV4*00		TRGJ1*00				CATWDGLYYKKLF				normal.airr.tsv_G	1	10	2	Unknown
				TRGV4*00		TRGJ1*00				CATSNYYKKLF				normal.airr.tsv_G	1	11	2	Unknown
				TRGV4*00		TRGJ1*00				CATLNYYKKLF				PDAC.airr.tsv_G	1	11	2	Unknown
				TRGV10*00		TRGJ1*00				CAAWDFGKLF				normal.airr.tsv_G	1	12	2	Unknown
				TRGV10*00		TRGJ1*00				CAAWDGGKLF				PDAC.airr.tsv_G	1	12	2	Unknown
				TRGV3*00		TRGJ1*00				CATWDRRYKKLF				PDAC.airr.tsv_G	2	13	2	Unknown
				TRGV3*00		TRGJ1*00				CATWDRPRYKKLF				PDAC.airr.tsv_G	1	13	2	Unknown
				TRGV4*00		TRGJP2*00				CATWDGRGSDWIKTF				PDAC.airr.tsv_G	1	14	2	Unknown
				TRGV4*00		TRGJP2*00				CATWDGGSDWIKTF				PDAC.airr.tsv_G	1	14	2	Unknown
				TRGV8*00		TRGJ1*00				CATWDRPYYKKLF				PDAC.airr.tsv_G	1	15	2	Unknown
				TRGV8*00		TRGJ1*00				CATWDRPNYYKKLF				PDAC.airr.tsv_G	1	15	2	Unknown
				TRGV9*00		TRGJ1*00				CALWEDYKKLF				PDAC.airr.tsv_G	2	16	2	Unknown
				TRGV9*00		TRGJ1*00				CALWEADYKKLF				PDAC.airr.tsv_G	1	16	2	Unknown
				TRGV7*00		TRGJ1*00				CATWDSYYKKLF				PDAC.airr.tsv_G	1	17	2	Unknown
				TRGV7*00		TRGJ1*00				CATWDNYYKKLF				PDAC.airr.tsv_G	1	17	2	Unknown
				TRGV2*00		TRGJP2*00				CATWDEDSSDWIKTF				PDAC.airr.tsv_G	1	18	2	Unknown
				TRGV2*00		TRGJP2*00				CATWDGDSSDWIKTF				PDAC.airr.tsv_G	1	18	2	Unknown
				TRGV3*00		TRGJ1*00				CATWDRQERKLF				normal.airr.tsv_G	1	19	1	Unknown
				TRGV2*00		TRGJ1*00				CATWDGRHYKKLF				normal.airr.tsv_G	1	20	1	Unknown
				TRGV2*00		TRGJ1*00				CATWDALLYYKKLF				normal.airr.tsv_G	1	21	1	Unknown
				TRGV4*00		TRGJ1*00				CATWDHNKKLF				normal.airr.tsv_G	1	22	1	Unknown
				TRGV10*00		TRGJP2*00				CAAWDSAGYSDWIKTF				normal.airr.tsv_G	1	23	1	Unknown
				TRGV10*00		TRGJ1*00				CAAYYYKKLF				normal.airr.tsv_G	1	24	1	Unknown
				TRGV2*00		TRGJ1*00				CATWDVRNYYKKLF				normal.airr.tsv_G	1	25	1	Unknown
				TRGV4*00		TRGJ1*00				CATWDGPYKKLF				normal.airr.tsv_G	2	26	1	Unknown
				TRGV9*00		TRGJ1*00				CALWENIIYYKKLF				normal.airr.tsv_G	1	27	1	Unknown
				TRGV5P*00		TRGJ1*00				CATWGIYYKKLF				normal.airr.tsv_G	1	28	1	Unknown
				TRGV3*00		TRGJ1*00				CATWDRPHKNYYKKLF				normal.airr.tsv_G	1	29	1	Unknown
				TRGV2*00		TRGJ1*00				CATWDGREKLF				normal.airr.tsv_G	1	30	1	Unknown
				TRGV10*00		TRGJ1*00				CAAWRALF				normal.airr.tsv_G	1	31	1	Unknown
				TRGV2*00		TRGJ1*00				CATWGVVLNYYKKLF				normal.airr.tsv_G	1	32	1	Unknown
				TRGV10*00		TRGJ1*00				CAAWDNRLF				normal.airr.tsv_G	1	33	1	Unknown
				TRGV9*00		TRGJ1*00				CALWEEQYYKKHF				normal.airr.tsv_G	1	34	1	Unknown
				TRGV9*00		TRGJ1*00				CALWGFNYYKKLF				normal.airr.tsv_G	1	35	1	Unknown
				TRGV8*00		TRGJ1*00				CATWDENNYKKLF				normal.airr.tsv_G	1	36	1	Unknown
				TRGV4*00		TRGJ1*00				CATWDRPGTKLF				normal.airr.tsv_G	1	37	1	Unknown
				TRGV3*00		TRGJ1*00				CATWDRLRLF				normal.airr.tsv_G	1	38	1	Unknown
				TRGV9*00		TRGJP*00				CALWEGAQELGKKIKVF				normal.airr.tsv_G	1	39	1	Unknown
				TRGV2*00		TRGJ1*00				CATWDGTWELF				normal.airr.tsv_G	1	40	1	Unknown
				TRGV10*00		TRGJ1*00				CAAWDVSKLF				PDAC.airr.tsv_G	1	41	1	Unknown
				TRGV10*00		TRGJ1*00				CAAWDPRYYKKLF				PDAC.airr.tsv_G	2	42	1	Unknown
				TRGV10*00		TRGJ1*00				CAAWIYKKLF				PDAC.airr.tsv_G	1	43	1	Unknown
				TRGV10*00		TRGJ1*00				CAAWDYIPPLGYKKLF				PDAC.airr.tsv_G	1	44	1	Unknown
				TRGV3*00		TRGJ1*00				CATWDRNYYKKLF				PDAC.airr.tsv_G	1	45	1	Unknown
				TRGV1*00		TRGJ1*00				CATWDRHNYYKKLF				PDAC.airr.tsv_G	1	46	1	Unknown
				TRGV10*00		TRGJ1*00				CAAWDCGGYKKLF				PDAC.airr.tsv_G	1	47	1	Unknown
				TRGV10*00		TRGJ1*00				CAAWDLMAYYKKLF				PDAC.airr.tsv_G	1	48	1	Unknown
				TRGV10*00		TRGJ1*00				CAAWNTYYKKLF				PDAC.airr.tsv_G	1	49	1	Unknown
				TRGV10*00		TRGJ1*00				CAVPNYYKKLF				PDAC.airr.tsv_G	2	50	1	Unknown
				TRGV10*00		TRGJP2*00				CAAWAVDWIKTF				PDAC.airr.tsv_G	4	51	1	Unknown
				TRGV10*00		TRGJ1*00				CAAWDYKVHYKKLF				PDAC.airr.tsv_G	1	52	1	Unknown
				TRGV9*00		TRGJ1*00				CALWEVKKKLF				PDAC.airr.tsv_G	1	53	1	Unknown
				TRGV9*00		TRGJ1*00				CALWEANYYKKLF				PDAC.airr.tsv_G	1	54	1	Unknown
				TRGV10*00		TRGJ1*00				CAAWDKSGYYKKLF				PDAC.airr.tsv_G	1	55	1	Unknown
				TRGV10*00		TRGJP2*00				CAAWASSDWIKTF				PDAC.airr.tsv_G	1	56	1	Unknown
				TRGV10*00		TRGJP1*00				CAAWDFPTGWFKIF				PDAC.airr.tsv_G	1	57	1	Unknown
				TRGV9*00		TRGJ1*00				CALWEVNVLF				PDAC.airr.tsv_G	1	58	1	Unknown
				TRGV9*00		TRGJ1*00				CALWEVRCYYKKLF				PDAC.airr.tsv_G	2	59	1	Unknown
				TRGV10*00		TRGJ1*00				CAACYKKLF				PDAC.airr.tsv_G	1	60	1	Unknown
				TRGV10*00		TRGJ1*00				CAAWDYLSYKKLF				PDAC.airr.tsv_G	1	61	1	Unknown
				TRGV10*00		TRGJ1*00				CAAPGALNYYKKLF				PDAC.airr.tsv_G	1	62	1	Unknown
				TRGV4*00		TRGJ1*00				CATWDGDDYKKLF				PDAC.airr.tsv_G	1	63	1	Unknown
				TRGV10*00		TRGJP1*00				CAAWDFKIF				PDAC.airr.tsv_G	1	64	1	Unknown
				TRGV3*00		TRGJ1*00				CATWDF				PDAC.airr.tsv_G	1	65	1	Unknown
				TRGV2*00		TRGJ1*00				CATWDGPTVYYKKLF				PDAC.airr.tsv_G	1	66	1	Unknown
				TRGV3*00		TRGJP*00				CATWDRHLWELGKKIKVF				PDAC.airr.tsv_G	1	67	1	Unknown
				TRGV3*00		TRGJ1*00				CATWAYYKKLF				PDAC.airr.tsv_G	1	68	1	Unknown
				TRGV2*00		TRGJP2*00				CATWDGPDGSDWIKTF				PDAC.airr.tsv_G	1	69	1	Unknown
				TRGV2*00		TRGJP2*00				CATWDGPCSDWIKTF				PDAC.airr.tsv_G	1	70	1	Unknown
				TRGV9*00		TRGJP*00				CALWEAWELGKKIKVF				PDAC.airr.tsv_G	1	71	1	Unknown
				TRGV9*00		TRGJ1*00				CALWDDKKLF				PDAC.airr.tsv_G	1	72	1	Unknown
				TRGV9*00		TRGJ1*00				CALWEVYDYYKKLF				PDAC.airr.tsv_G	1	73	1	Unknown
				TRGV2*00		TRGJ1*00				CATLSPSNYYKKLF				PDAC.airr.tsv_G	1	74	1	Unknown
				TRGV2*00		TRGJ1*00				CATWAPNFKKLF				PDAC.airr.tsv_G	1	75	1	Unknown
				TRGV10*00		TRGJ1*00				CARKKLF				PDAC.airr.tsv_G	1	76	1	Unknown
				TRGV10*00		TRGJP1*00				CAASRFKIF				PDAC.airr.tsv_G	1	77	1	Unknown
				TRGV4*00		TRGJ1*00				CATWNKKLF				PDAC.airr.tsv_G	1	78	1	Unknown
				TRGV3*00		TRGJP2*00				CATWDESSDWIKTF				PDAC.airr.tsv_G	2	79	1	Unknown
				TRGV8*00		TRGJ1*00				CATWDRPTPTRRALF				PDAC.airr.tsv_G	1	80	1	Unknown
				TRGV9*00		TRGJ1*00				CALWERHAKKLF				PDAC.airr.tsv_G	3	81	1	Unknown
				TRGV2*00		TRGJ1*00				CATWAVPGYKKLF				PDAC.airr.tsv_G	1	82	1	Unknown
				TRGV9*00		TRGJ1*00				CALWDSGYKKLF				PDAC.airr.tsv_G	1	83	1	Unknown
				TRGV2*00		TRGJP2*00				CATWDGRTDHTGSDWIKTF				PDAC.airr.tsv_G	1	84	1	Unknown
				TRGV7*00		TRGJ1*00				CATWDRRRKKLF				PDAC.airr.tsv_G	1	85	1	Unknown
				TRGV4*00		TRGJ1*00				CATWDGLLREKLF				PDAC.airr.tsv_G	1	86	1	Unknown
				TRGV10*00		TRGJ1*00				CAAFYLF				PDAC.airr.tsv_G	1	87	1	Unknown
				TRGV10*00		TRGJ1*00				CAAWDMEKLF				PDAC.airr.tsv_G	1	88	1	Unknown
				TRGV4*00		TRGJ1*00				CATWAENYYKKLF				PDAC.airr.tsv_G	1	89	1	Unknown
				TRGV5*00		TRGJ1*00				CATWDRPNYYKKLF				PDAC.airr.tsv_G	2	90	1	Unknown
				TRGV9*00		TRGJ1*00				CALWEVVGNYYKKLF				PDAC.airr.tsv_G	1	91	1	Unknown
				TRGV2*00		TRGJ1*00				CATWDGLTHYKKLF				PDAC.airr.tsv_G	1	92	1	Unknown
				TRGV9*00		TRGJP*00				CALWDAELGKKIKVF				PDAC.airr.tsv_G	1	93	1	Unknown
				TRGV2*00		TRGJ1*00				CATWDGPGDYYKKLF				PDAC.airr.tsv_G	1	94	1	Unknown
				TRGV9*00		TRGJ1*00				CALCRREKLF				PDAC.airr.tsv_G	1	95	1	Unknown
				TRGV3*00		TRGJ1*00				CAPHYYKKLF				PDAC.airr.tsv_G	3	96	1	Unknown
				TRGV10*00		TRGJ1*00				CAAWDWSYYKKLF				PDAC.airr.tsv_G	1	97	1	Unknown
				TRGV10*00		TRGJ1*00				CAAWDSPPFYYKKLF				PDAC.airr.tsv_G	1	98	1	Unknown
				TRGV10*00		TRGJ1*00				CAAWVRGENYYKKLF				PDAC.airr.tsv_G	1	99	1	Unknown
				TRGV2*00		TRGJP2*00				CATWATRSDWIKTF				PDAC.airr.tsv_G	2	100	1	Unknown
				TRGV2*00		TRGJP2*00				CATWDGLWSSDWIKTF				PDAC.airr.tsv_G	2	101	1	Unknown
				TRGV8*00		TRGJP2*00				CATWDRPRGSDWIKTF				PDAC.airr.tsv_G	1	102	1	Unknown
				TRGV9*00		TRGJ1*00				CALWEVQKDKKLF				PDAC.airr.tsv_G	1	103	1	Unknown
				TRGV10*00		TRGJ1*00				CAAWDKIYYKKLF				PDAC.airr.tsv_G	1	104	1	Unknown
				TRGV9*00		TRGJ1*00				CALWGYDKKLF				PDAC.airr.tsv_G	1	105	1	Unknown
				TRGV10*00		TRGJ1*00				CAAWDYKRKLF				PDAC.airr.tsv_G	1	106	1	Unknown
				TRGV10*00		TRGJ1*00				CAAWDYARDYYKKLF				PDAC.airr.tsv_G	1	107	1	Unknown
				TRGV10*00		TRGJP1*00				CAAWDTTGWFKIF				PDAC.airr.tsv_G	1	108	1	Unknown
				TRGV10*00		TRGJ1*00				CAAWGVLYYKKLF				PDAC.airr.tsv_G	1	109	1	Unknown
				TRGV9*00		TRGJ1*00				CALWGVNYKKLF				PDAC.airr.tsv_G	1	110	1	Unknown
				TRGV10*00		TRGJ1*00				CAAWDIPGYKKLF				PDAC.airr.tsv_G	1	111	1	Unknown
				TRGV9*00		TRGJ1*00				CALWDLPKTSNYYKKLF				PDAC.airr.tsv_G	1	112	1	Unknown
				TRGV10*00		TRGJ1*00				CAAWDLAVGPYYKKLF				PDAC.airr.tsv_G	1	113	1	Unknown
				TRGV3*00		TRGJ1*00				CKRKKLF				PDAC.airr.tsv_G	1	114	1	Unknown
				TRGV2*00		TRGJ1*00				CATWDRRKKLF				PDAC.airr.tsv_G	1	115	1	Unknown
				TRGV9*00		TRGJP*00				CALWGVVAELGKKIKVF				PDAC.airr.tsv_G	1	116	1	Unknown
				TRGV10*00		TRGJP2*00				CAAWDNHSSDWIKTF				PDAC.airr.tsv_G	1	117	1	Unknown
				TRGV8*00		TRGJ1*00				CATWAFYYKKLF				PDAC.airr.tsv_G	1	118	1	Unknown
				TRGV10*00		TRGJ1*00				CAAWDPKANYKKLF				PDAC.airr.tsv_G	1	119	1	Unknown
				TRGV9*00		TRGJ1*00				CALWYYKKLF				PDAC.airr.tsv_G	1	120	1	Unknown
